video_id,category,channel,publish_date,duration_minutes,views,likes,comments,shares,subscribers_gained,avg_watch_time_minutes,year,month,month_name,quarter,day_of_week,engagement_rate,like_ratio,retention_rate,virality_score,performance_tier
VID0342,Education,CodeWave,2023-01-01 00:00:00.000000,6.6,43743,1912,1018,509,668,3.3,2023,1,January,1,Sunday,7.86,4.37,50.0,11.64,Medium
VID0124,Vlog,DailyDrift,2023-01-02 11:06:36.793587,5.6,6792,774,104,43,50,4.4,2023,1,January,1,Monday,13.56,11.4,78.57,6.33,High
VID0184,Tech,PixelPulse,2023-01-03 22:13:13.587174,21.1,95385,6600,2484,1155,1856,11.7,2023,1,January,1,Tuesday,10.73,6.92,55.45,12.11,High
VID0138,Tech,CodeWave,2023-01-05 09:19:50.380761,22.7,89507,8057,1797,450,1056,9.8,2023,1,January,1,Thursday,11.51,9.0,43.17,5.03,High
VID0129,Entertainment,DailyDrift,2023-01-06 20:26:27.174348,38.5,49838,5920,1238,251,432,34.4,2023,1,January,1,Friday,14.87,11.88,89.35,5.04,High
VID0372,Education,DailyDrift,2023-01-08 07:33:03.967935,11.4,25495,2900,207,258,99,4.1,2023,1,January,1,Sunday,13.2,11.37,35.96,10.12,High
VID0057,Education,MindSpark,2023-01-09 18:39:40.761523,41.3,11308,785,300,108,61,27.6,2023,1,January,1,Monday,10.55,6.94,66.83,9.55,High
VID0365,Education,MindSpark,2023-01-11 05:46:17.555110,25.4,83887,7050,1785,638,838,15.5,2023,1,January,1,Wednesday,11.29,8.4,61.02,7.61,High
VID0353,Gaming,DailyDrift,2023-01-12 16:52:54.348697,28.9,213863,21468,3711,1509,3458,21.3,2023,1,January,1,Thursday,12.48,10.04,73.7,7.06,High
VID0145,Education,CodeWave,2023-01-14 03:59:31.142284,18.7,20498,2404,132,179,138,14.1,2023,1,January,1,Saturday,13.25,11.73,75.4,8.73,High
VID0414,Education,NovaByte,2023-01-15 15:06:07.935871,43.5,421310,37293,11699,2151,5472,14.5,2023,1,January,1,Sunday,12.14,8.85,33.33,5.11,High
VID0445,Entertainment,MindSpark,2023-01-17 02:12:44.729458,41.2,243562,25446,6056,1490,2309,29.1,2023,1,January,1,Tuesday,13.55,10.45,70.63,6.12,High
VID0122,Education,PixelPulse,2023-01-18 13:19:21.523046,31.2,166054,6806,3292,256,2868,15.8,2023,1,January,1,Wednesday,6.24,4.1,50.64,1.54,Medium
VID0290,Education,NovaByte,2023-01-20 00:25:58.316633,18.1,45359,1917,791,442,646,6.1,2023,1,January,1,Friday,6.94,4.23,33.7,9.74,Medium
VID0348,Gaming,MindSpark,2023-01-21 11:32:35.110220,23.7,125114,10775,1608,1253,1462,18.9,2023,1,January,1,Saturday,10.9,8.61,79.75,10.01,High
VID0500,Gaming,MindSpark,2023-01-22 22:39:11.903807,31.3,33499,1260,173,311,107,15.0,2023,1,January,1,Sunday,5.21,3.76,47.92,9.28,Medium
VID0492,Entertainment,MindSpark,2023-01-24 09:45:48.697394,23.6,51809,4416,688,194,852,15.3,2023,1,January,1,Tuesday,10.23,8.52,64.83,3.74,High
VID0475,Vlog,DailyDrift,2023-01-25 20:52:25.490981,26.9,53432,3812,406,110,350,18.5,2023,1,January,1,Wednesday,8.1,7.13,68.77,2.06,Medium
VID0456,Tech,NovaByte,2023-01-27 07:59:02.284569,41.4,88675,4377,2459,925,361,14.0,2023,1,January,1,Friday,8.75,4.94,33.82,10.43,Medium
VID0128,Education,PixelPulse,2023-01-28 19:05:39.078156,6.6,90088,3905,1251,668,474,3.0,2023,1,January,1,Saturday,6.46,4.33,45.45,7.41,Medium
VID0212,Education,CodeWave,2023-01-30 06:12:15.871743,23.6,121073,9446,2956,865,268,12.9,2023,1,January,1,Monday,10.96,7.8,54.66,7.14,High
VID0406,Entertainment,PixelPulse,2023-01-31 17:18:52.665330,32.1,3485,240,27,51,38,13.4,2023,1,January,1,Tuesday,9.12,6.89,41.74,14.63,Medium
VID0091,Vlog,NovaByte,2023-02-02 04:25:29.458917,14.7,95192,9482,498,589,1058,12.5,2023,2,February,1,Thursday,11.1,9.96,85.03,6.19,High
VID0034,Gaming,CodeWave,2023-02-03 15:32:06.252505,31.8,120375,9008,1483,206,303,13.8,2023,2,February,1,Friday,8.89,7.48,43.4,1.71,Medium
VID0402,Entertainment,NovaByte,2023-02-05 02:38:43.046092,31.7,624570,26334,16622,3351,11100,14.9,2023,2,February,1,Sunday,7.41,4.22,47.0,5.37,Medium
VID0292,Gaming,CodeWave,2023-02-06 13:45:19.839679,35.5,36552,2426,782,385,83,23.6,2023,2,February,1,Monday,9.83,6.64,66.48,10.53,Medium
VID0040,Tech,DailyDrift,2023-02-08 00:51:56.633266,35.0,36644,3244,784,233,679,16.9,2023,2,February,1,Wednesday,11.63,8.85,48.29,6.36,High
VID0278,Vlog,CodeWave,2023-02-09 11:58:33.426853,44.6,1442,155,38,11,9,29.5,2023,2,February,1,Thursday,14.15,10.75,66.14,7.63,High
VID0435,Education,CodeWave,2023-02-10 23:05:10.220440,11.0,143696,8271,3388,1647,1630,7.9,2023,2,February,1,Friday,9.26,5.76,71.82,11.46,Medium
VID0484,Entertainment,PixelPulse,2023-02-12 10:11:47.014028,40.9,96729,10222,655,380,1571,21.9,2023,2,February,1,Sunday,11.64,10.57,53.55,3.93,High
VID0495,Entertainment,CodeWave,2023-02-13 21:18:23.807615,13.6,80913,3520,1640,887,259,8.5,2023,2,February,1,Monday,7.47,4.35,62.5,10.96,Medium
VID0028,Tech,NovaByte,2023-02-15 08:25:00.601202,28.3,68550,3408,1670,365,411,14.1,2023,2,February,1,Wednesday,7.94,4.97,49.82,5.32,Medium
VID0447,Vlog,PixelPulse,2023-02-16 19:31:37.394789,35.3,103158,10237,2018,385,1210,26.6,2023,2,February,1,Thursday,12.25,9.92,75.35,3.73,High
VID0158,Entertainment,PixelPulse,2023-02-18 06:38:14.188376,19.9,344149,27998,8050,2017,3548,7.6,2023,2,February,1,Saturday,11.06,8.14,38.19,5.86,High
VID0373,Tech,NovaByte,2023-02-19 17:44:50.981963,6.0,864,34,18,9,13,2.9,2023,2,February,1,Sunday,7.06,3.94,48.33,10.42,Medium
VID0102,Gaming,DailyDrift,2023-02-21 04:51:27.775551,38.8,254992,13357,2473,345,1806,31.0,2023,2,February,1,Tuesday,6.34,5.24,79.9,1.35,Medium
VID0273,Gaming,DailyDrift,2023-02-22 15:58:04.569138,36.1,49265,4244,449,603,321,25.4,2023,2,February,1,Wednesday,10.75,8.61,70.36,12.24,High
VID0191,Tech,CodeWave,2023-02-24 03:04:41.362725,19.2,139925,9186,3246,1086,409,6.9,2023,2,February,1,Friday,9.66,6.56,35.94,7.76,Medium
VID0491,Gaming,PixelPulse,2023-02-25 14:11:18.156312,28.1,16094,1405,471,232,144,23.1,2023,2,February,1,Saturday,13.1,8.73,82.21,14.42,High
VID0210,Education,NovaByte,2023-02-27 01:17:54.949899,29.9,77417,5101,1856,195,1315,13.8,2023,2,February,1,Monday,9.24,6.59,46.15,2.52,Medium
VID0194,Tech,NovaByte,2023-02-28 12:24:31.743486,21.9,230826,16246,5363,1443,4045,18.0,2023,2,February,1,Tuesday,9.99,7.04,82.19,6.25,Medium
VID0386,Gaming,PixelPulse,2023-03-01 23:31:08.537074,10.0,73212,8624,755,929,527,7.0,2023,3,March,1,Wednesday,14.08,11.78,70.0,12.69,High
VID0326,Gaming,CodeWave,2023-03-03 10:37:45.330661,13.8,623135,22066,10985,8403,4023,8.5,2023,3,March,1,Friday,6.65,3.54,61.59,13.49,Medium
VID0460,Vlog,NovaByte,2023-03-04 21:44:22.124248,12.6,50639,5172,977,256,231,8.8,2023,3,March,1,Saturday,12.65,10.21,69.84,5.06,High
VID0359,Gaming,NovaByte,2023-03-06 08:50:58.917835,6.2,216885,8217,1630,2547,2161,2.8,2023,3,March,1,Monday,5.71,3.79,45.16,11.74,Medium
VID0262,Vlog,MindSpark,2023-03-07 19:57:35.711422,24.5,30842,2066,471,160,104,7.9,2023,3,March,1,Tuesday,8.74,6.7,32.24,5.19,Medium
VID0498,Gaming,NovaByte,2023-03-09 07:04:12.505010,34.6,263128,24002,4713,1219,3092,29.2,2023,3,March,1,Thursday,11.38,9.12,84.39,4.63,High
VID0148,Vlog,CodeWave,2023-03-10 18:10:49.298597,44.8,141635,9905,3213,1794,2104,24.0,2023,3,March,1,Friday,10.53,6.99,53.57,12.67,High
VID0061,Tech,NovaByte,2023-03-12 05:17:26.092184,32.8,5026,558,120,68,30,16.8,2023,3,March,1,Sunday,14.84,11.1,51.22,13.53,High
VID0222,Gaming,MindSpark,2023-03-13 16:24:02.885771,20.4,125880,13950,3461,966,1168,17.1,2023,3,March,1,Monday,14.6,11.08,83.82,7.67,High
VID0285,Gaming,CodeWave,2023-03-15 03:30:39.679358,24.3,308678,15704,1753,839,4709,17.4,2023,3,March,1,Wednesday,5.93,5.09,71.6,2.72,Medium
VID0131,Vlog,CodeWave,2023-03-16 14:37:16.472945,27.5,25032,762,493,65,413,18.2,2023,3,March,1,Thursday,5.27,3.04,66.18,2.6,Medium
VID0385,Entertainment,NovaByte,2023-03-18 01:43:53.266533,35.0,593391,36285,7496,2816,2366,19.0,2023,3,March,1,Saturday,7.85,6.11,54.29,4.75,Medium
VID0014,Tech,DailyDrift,2023-03-19 12:50:30.060120,23.6,8112,838,60,47,121,7.8,2023,3,March,1,Sunday,11.65,10.33,33.05,5.79,High
VID0399,Education,NovaByte,2023-03-20 23:57:06.853707,18.8,3371,212,26,48,28,12.6,2023,3,March,1,Monday,8.48,6.29,67.02,14.24,Medium
VID0319,Tech,CodeWave,2023-03-22 11:03:43.647294,19.7,107855,6468,2303,585,602,13.0,2023,3,March,1,Wednesday,8.67,6.0,65.99,5.42,Medium
VID0236,Tech,PixelPulse,2023-03-23 22:10:20.440881,36.9,95235,8088,1822,1199,907,17.1,2023,3,March,1,Thursday,11.66,8.49,46.34,12.59,High
VID0195,Education,NovaByte,2023-03-25 09:16:57.234468,8.4,115669,5942,2791,578,604,2.9,2023,3,March,1,Saturday,8.05,5.14,34.52,5.0,Medium
VID0070,Education,MindSpark,2023-03-26 20:23:34.028056,30.5,39367,1647,1119,63,489,15.6,2023,3,March,1,Sunday,7.19,4.18,51.15,1.6,Medium
VID0092,Gaming,NovaByte,2023-03-28 07:30:10.821643,27.3,61210,2557,683,576,573,18.6,2023,3,March,1,Tuesday,6.23,4.18,68.13,9.41,Medium
VID0117,Tech,DailyDrift,2023-03-29 18:36:47.615230,5.9,66052,3585,1975,515,999,1.8,2023,3,March,1,Wednesday,9.2,5.43,30.51,7.8,Medium
VID0068,Tech,CodeWave,2023-03-31 05:43:24.408817,15.6,69741,6056,1298,544,869,7.1,2023,3,March,1,Friday,11.32,8.68,45.51,7.8,High
VID0111,Gaming,NovaByte,2023-04-01 16:50:01.202404,39.3,382656,40552,11078,2335,7467,23.9,2023,4,April,2,Saturday,14.1,10.6,60.81,6.1,High
VID0250,Vlog,MindSpark,2023-04-03 03:56:37.995991,11.2,57405,4220,1324,449,842,6.2,2023,4,April,2,Monday,10.44,7.35,55.36,7.82,High
VID0254,Vlog,MindSpark,2023-04-04 15:03:14.789579,27.5,1289,112,9,2,8,11.6,2023,4,April,2,Tuesday,9.54,8.69,42.18,1.55,Medium
VID0480,Entertainment,MindSpark,2023-04-06 02:09:51.583166,42.3,13302,776,266,93,223,27.5,2023,4,April,2,Thursday,8.53,5.83,65.01,6.99,Medium
VID0366,Entertainment,CodeWave,2023-04-07 13:16:28.376753,25.1,22074,1686,453,294,52,8.8,2023,4,April,2,Friday,11.02,7.64,35.06,13.32,High
VID0413,Entertainment,MindSpark,2023-04-09 00:23:05.170340,16.3,38362,3290,472,47,380,5.7,2023,4,April,2,Sunday,9.93,8.58,34.97,1.23,Medium
VID0130,Entertainment,DailyDrift,2023-04-10 11:29:41.963927,29.8,2045,238,14,27,37,9.4,2023,4,April,2,Monday,13.64,11.64,31.54,13.2,High
VID0461,Gaming,DailyDrift,2023-04-11 22:36:18.757515,12.4,25177,2929,451,190,363,11.1,2023,4,April,2,Tuesday,14.18,11.63,89.52,7.55,High
VID0095,Gaming,DailyDrift,2023-04-13 09:42:55.551102,17.9,144123,7385,1077,899,1150,13.5,2023,4,April,2,Thursday,6.5,5.12,75.42,6.24,Medium
VID0031,Vlog,PixelPulse,2023-04-14 20:49:32.344689,37.1,29762,1380,180,371,449,21.5,2023,4,April,2,Friday,6.49,4.64,57.95,12.47,Medium
VID0165,Vlog,MindSpark,2023-04-16 07:56:09.138276,16.0,5185,339,41,77,28,10.3,2023,4,April,2,Sunday,8.81,6.54,64.38,14.85,Medium
VID0118,Vlog,PixelPulse,2023-04-17 19:02:45.931863,19.4,36864,1295,523,51,715,17.2,2023,4,April,2,Monday,5.07,3.51,88.66,1.38,Medium
VID0192,Entertainment,CodeWave,2023-04-19 06:09:22.725450,7.1,91299,8453,1589,1195,1012,4.0,2023,4,April,2,Wednesday,12.31,9.26,56.34,13.09,High
VID0299,Education,MindSpark,2023-04-20 17:15:59.519038,24.6,12587,1198,153,37,67,12.3,2023,4,April,2,Thursday,11.03,9.52,50.0,2.94,High
VID0369,Education,PixelPulse,2023-04-22 04:22:36.312625,27.0,9814,1170,164,93,29,17.9,2023,4,April,2,Saturday,14.54,11.92,66.3,9.48,High
VID0085,Gaming,MindSpark,2023-04-23 15:29:13.106212,19.7,39414,1762,875,493,314,11.8,2023,4,April,2,Sunday,7.94,4.47,59.9,12.51,Medium
VID0127,Entertainment,DailyDrift,2023-04-25 02:35:49.899799,35.5,202458,6831,4148,2345,3381,27.3,2023,4,April,2,Tuesday,6.58,3.37,76.9,11.58,Medium
VID0268,Gaming,CodeWave,2023-04-26 13:42:26.693386,21.7,108176,5920,1782,218,1430,9.8,2023,4,April,2,Wednesday,7.32,5.47,45.16,2.02,Medium
VID0004,Entertainment,MindSpark,2023-04-28 00:49:03.486973,37.2,306896,28720,1627,1762,1663,23.8,2023,4,April,2,Friday,10.46,9.36,63.98,5.74,High
VID0019,Gaming,CodeWave,2023-04-29 11:55:40.280561,13.7,407884,28840,2877,6077,4964,6.2,2023,4,April,2,Saturday,9.27,7.07,45.26,14.9,Medium
VID0071,Gaming,PixelPulse,2023-04-30 23:02:17.074148,18.0,29523,2787,179,80,333,9.9,2023,4,April,2,Sunday,10.32,9.44,55.0,2.71,High
VID0220,Gaming,PixelPulse,2023-05-02 10:08:53.867735,42.5,453877,13925,6934,6340,3636,19.4,2023,5,May,2,Tuesday,5.99,3.07,45.65,13.97,Medium
VID0400,Tech,MindSpark,2023-05-03 21:15:30.661322,6.2,184690,6673,2987,1526,2050,2.6,2023,5,May,2,Wednesday,6.06,3.61,41.94,8.26,Medium
VID0457,Entertainment,CodeWave,2023-05-05 08:22:07.454909,17.6,19964,620,433,92,257,8.9,2023,5,May,2,Friday,5.74,3.11,50.57,4.61,Medium
VID0465,Tech,MindSpark,2023-05-06 19:28:44.248496,9.8,28199,1999,686,86,160,3.6,2023,5,May,2,Saturday,9.83,7.09,36.73,3.05,Medium
VID0229,Vlog,MindSpark,2023-05-08 06:35:21.042084,11.7,173230,12771,2679,2124,522,8.2,2023,5,May,2,Monday,10.14,7.37,70.09,12.26,High
VID0171,Gaming,MindSpark,2023-05-09 17:41:57.835671,23.2,190434,22460,1830,1243,2873,11.2,2023,5,May,2,Tuesday,13.41,11.79,48.28,6.53,High
VID0474,Entertainment,CodeWave,2023-05-11 04:48:34.629258,9.7,55173,3613,982,580,794,8.4,2023,5,May,2,Thursday,9.38,6.55,86.6,10.51,Medium
VID0233,Education,DailyDrift,2023-05-12 15:55:11.422845,43.7,13836,1415,157,15,194,32.5,2023,5,May,2,Friday,11.47,10.23,74.37,1.08,High
VID0321,Tech,NovaByte,2023-05-14 03:01:48.216432,27.3,12952,1547,207,78,198,23.2,2023,5,May,2,Sunday,14.14,11.94,84.98,6.02,High
VID0407,Gaming,CodeWave,2023-05-15 14:08:25.010020,17.7,4474,259,69,12,24,6.6,2023,5,May,2,Monday,7.6,5.79,37.29,2.68,Medium
VID0307,Gaming,MindSpark,2023-05-17 01:15:01.803607,12.4,322848,16271,2889,3706,5960,7.8,2023,5,May,2,Wednesday,7.08,5.04,62.9,11.48,Medium
VID0453,Entertainment,DailyDrift,2023-05-18 12:21:38.597194,21.1,228274,22468,4559,2820,4033,13.7,2023,5,May,2,Thursday,13.08,9.84,64.93,12.35,High
VID0245,Vlog,MindSpark,2023-05-19 23:28:15.390781,13.4,46525,4364,1221,475,243,11.0,2023,5,May,2,Friday,13.03,9.38,82.09,10.21,High
VID0037,Vlog,MindSpark,2023-05-21 10:34:52.184368,11.8,9109,460,178,86,37,9.4,2023,5,May,2,Sunday,7.95,5.05,79.66,9.44,Medium
VID0408,Education,MindSpark,2023-05-22 21:41:28.977955,38.9,18767,1417,113,23,327,34.2,2023,5,May,2,Monday,8.28,7.55,87.92,1.23,Medium
VID0272,Gaming,NovaByte,2023-05-24 08:48:05.771543,31.7,26340,1016,302,129,510,28.1,2023,5,May,2,Wednesday,5.49,3.86,88.64,4.9,Medium
VID0008,Vlog,DailyDrift,2023-05-25 19:54:42.565130,17.8,41994,3305,521,214,809,15.8,2023,5,May,2,Thursday,9.62,7.87,88.76,5.1,Medium
VID0455,Education,NovaByte,2023-05-27 07:01:19.358717,40.8,114643,8962,842,737,1328,21.5,2023,5,May,2,Saturday,9.19,7.82,52.7,6.43,Medium
VID0346,Tech,CodeWave,2023-05-28 18:07:56.152304,41.3,51290,5425,949,126,952,15.7,2023,5,May,2,Sunday,12.67,10.58,38.01,2.46,High
VID0235,Gaming,NovaByte,2023-05-30 05:14:32.945891,16.1,8484,492,84,88,47,11.3,2023,5,May,2,Tuesday,7.83,5.8,70.19,10.37,Medium
VID0160,Vlog,MindSpark,2023-05-31 16:21:09.739478,11.7,28986,3298,821,85,420,9.6,2023,5,May,2,Wednesday,14.5,11.38,82.05,2.93,High
VID0149,Tech,NovaByte,2023-06-02 03:27:46.533066,44.2,31212,3375,771,223,488,15.9,2023,6,June,2,Friday,14.0,10.81,35.97,7.14,High
VID0029,Education,CodeWave,2023-06-03 14:34:23.326653,36.3,49336,5813,1040,618,384,15.4,2023,6,June,2,Saturday,15.14,11.78,42.42,12.53,High
VID0247,Education,MindSpark,2023-06-05 01:41:00.120240,10.9,18423,1493,333,236,74,6.3,2023,6,June,2,Monday,11.19,8.1,57.8,12.81,High
VID0479,Entertainment,MindSpark,2023-06-06 12:47:36.913827,31.3,78588,7923,2260,679,1339,20.7,2023,6,June,2,Tuesday,13.82,10.08,66.13,8.64,High
VID0215,Vlog,MindSpark,2023-06-07 23:54:13.707414,18.4,15000,1547,87,28,178,5.9,2023,6,June,2,Wednesday,11.08,10.31,32.07,1.87,High
VID0339,Entertainment,MindSpark,2023-06-09 11:00:50.501002,8.8,137960,15651,3170,1515,773,5.8,2023,6,June,2,Friday,14.74,11.34,65.91,10.98,High
VID0371,Tech,MindSpark,2023-06-10 22:07:27.294589,38.6,160613,7832,3349,467,3001,17.1,2023,6,June,2,Saturday,7.25,4.88,44.3,2.91,Medium
VID0209,Education,NovaByte,2023-06-12 09:14:04.088176,40.9,118281,7595,1395,450,1453,15.9,2023,6,June,2,Monday,7.98,6.42,38.88,3.8,Medium
VID0343,Vlog,NovaByte,2023-06-13 20:20:40.881763,16.7,58954,7034,570,843,671,11.7,2023,6,June,2,Tuesday,14.33,11.93,70.06,14.3,High
VID0298,Vlog,PixelPulse,2023-06-15 07:27:17.675350,28.2,50319,1981,909,416,861,24.2,2023,6,June,2,Thursday,6.57,3.94,85.82,8.27,Medium
VID0251,Gaming,DailyDrift,2023-06-16 18:33:54.468937,8.3,29836,3059,199,62,286,4.1,2023,6,June,2,Friday,11.13,10.25,49.4,2.08,High
VID0178,Gaming,MindSpark,2023-06-18 05:40:31.262525,33.0,36299,2409,651,403,552,23.9,2023,6,June,2,Sunday,9.54,6.64,72.42,11.1,Medium
VID0431,Tech,PixelPulse,2023-06-19 16:47:08.056112,7.5,53216,4036,666,102,337,3.9,2023,6,June,2,Monday,9.03,7.58,52.0,1.92,Medium
VID0444,Vlog,MindSpark,2023-06-21 03:53:44.849699,28.1,12312,828,135,25,148,14.0,2023,6,June,2,Wednesday,8.02,6.73,49.82,2.03,Medium
VID0391,Gaming,PixelPulse,2023-06-22 15:00:21.643286,42.2,203767,23035,5456,558,1716,15.9,2023,6,June,2,Thursday,14.26,11.3,37.68,2.74,High
VID0104,Tech,DailyDrift,2023-06-24 02:06:58.436873,28.1,6033,564,148,59,16,22.7,2023,6,June,2,Saturday,12.78,9.35,80.78,9.78,High
VID0132,Entertainment,NovaByte,2023-06-25 13:13:35.230460,30.0,140415,16240,2390,2019,2770,20.9,2023,6,June,2,Sunday,14.71,11.57,69.67,14.38,High
VID0364,Entertainment,PixelPulse,2023-06-27 00:20:12.024048,41.4,4155,291,98,42,30,26.5,2023,6,June,2,Tuesday,10.37,7.0,64.01,10.11,High
VID0379,Tech,CodeWave,2023-06-28 11:26:48.817635,29.3,120616,12194,1288,1623,394,24.1,2023,6,June,2,Wednesday,12.52,10.11,82.25,13.46,High
VID0094,Vlog,PixelPulse,2023-06-29 22:33:25.611222,31.7,19503,1381,581,207,332,17.2,2023,6,June,2,Thursday,11.12,7.08,54.26,10.61,High
VID0177,Vlog,CodeWave,2023-07-01 09:40:02.404809,29.4,105512,11507,1247,1448,1704,13.7,2023,7,July,3,Saturday,13.46,10.91,46.6,13.72,High
VID0275,Vlog,PixelPulse,2023-07-02 20:46:39.198396,17.6,24599,2036,588,164,362,8.7,2023,7,July,3,Sunday,11.33,8.28,49.43,6.67,High
VID0270,Education,NovaByte,2023-07-04 07:53:15.991983,34.0,96322,6563,2375,494,656,12.3,2023,7,July,3,Tuesday,9.79,6.81,36.18,5.13,Medium
VID0080,Education,DailyDrift,2023-07-05 18:59:52.785571,36.1,6112,662,113,29,64,19.9,2023,7,July,3,Wednesday,13.15,10.83,55.12,4.74,High
VID0164,Gaming,MindSpark,2023-07-07 06:06:29.579158,30.9,200930,17942,4951,1331,3320,10.0,2023,7,July,3,Friday,12.06,8.93,32.36,6.62,High
VID0083,Entertainment,NovaByte,2023-07-08 17:13:06.372745,8.5,4944,308,61,35,62,5.4,2023,7,July,3,Saturday,8.17,6.23,63.53,7.08,Medium
VID0096,Vlog,CodeWave,2023-07-10 04:19:43.166332,40.9,154866,5670,2328,516,2243,25.3,2023,7,July,3,Monday,5.5,3.66,61.86,3.33,Medium
VID0485,Gaming,MindSpark,2023-07-11 15:26:19.959919,21.0,144411,4831,1640,245,1461,8.3,2023,7,July,3,Tuesday,4.65,3.35,39.52,1.7,Low
VID0106,Entertainment,MindSpark,2023-07-13 02:32:56.753507,8.8,3226,145,16,6,50,4.6,2023,7,July,3,Thursday,5.18,4.49,52.27,1.86,Medium
VID0403,Gaming,CodeWave,2023-07-14 13:39:33.547094,42.3,276980,32318,5170,3278,1065,23.9,2023,7,July,3,Friday,14.72,11.67,56.5,11.83,High
VID0423,Tech,CodeWave,2023-07-16 00:46:10.340681,22.7,127535,15116,3420,1639,1905,16.2,2023,7,July,3,Sunday,15.82,11.85,71.37,12.85,High
VID0358,Entertainment,DailyDrift,2023-07-17 11:52:47.134268,11.8,102588,6402,2631,177,994,6.1,2023,7,July,3,Monday,8.98,6.24,51.69,1.73,Medium
VID0315,Tech,PixelPulse,2023-07-18 22:59:23.927855,27.9,177650,19400,1513,2265,2394,17.8,2023,7,July,3,Tuesday,13.05,10.92,63.8,12.75,High
VID0121,Tech,CodeWave,2023-07-20 10:06:00.721442,17.5,41855,1403,1136,266,642,12.9,2023,7,July,3,Thursday,6.7,3.35,73.71,6.36,Medium
VID0066,Education,DailyDrift,2023-07-21 21:12:37.515030,15.9,21738,1064,465,150,154,10.6,2023,7,July,3,Friday,7.72,4.89,66.67,6.9,Medium
VID0097,Entertainment,CodeWave,2023-07-23 08:19:14.308617,40.5,283720,12846,7093,1993,4505,28.6,2023,7,July,3,Sunday,7.73,4.53,70.62,7.02,Medium
VID0327,Vlog,PixelPulse,2023-07-24 19:25:51.102204,13.7,138699,11180,4046,981,433,9.8,2023,7,July,3,Monday,11.69,8.06,71.53,7.07,High
VID0187,Entertainment,CodeWave,2023-07-26 06:32:27.895791,16.1,18035,1424,296,256,264,7.0,2023,7,July,3,Wednesday,10.96,7.9,43.48,14.19,High
VID0126,Education,PixelPulse,2023-07-27 17:39:04.689378,29.9,37425,2831,190,49,554,16.1,2023,7,July,3,Thursday,8.2,7.56,53.85,1.31,Medium
VID0397,Entertainment,NovaByte,2023-07-29 04:45:41.482965,36.0,76404,5033,1663,87,1463,21.6,2023,7,July,3,Saturday,8.88,6.59,60.0,1.14,Medium
VID0200,Education,PixelPulse,2023-07-30 15:52:18.276553,13.4,5378,484,115,42,94,7.6,2023,7,July,3,Sunday,11.92,9.0,56.72,7.81,High
VID0324,Gaming,MindSpark,2023-08-01 02:58:55.070140,12.0,20805,1992,562,112,121,8.7,2023,8,August,3,Tuesday,12.81,9.57,72.5,5.38,High
VID0367,Education,DailyDrift,2023-08-02 14:05:31.863727,7.0,14693,1656,202,59,109,4.4,2023,8,August,3,Wednesday,13.05,11.27,62.86,4.02,High
VID0303,Gaming,DailyDrift,2023-08-04 01:12:08.657314,19.9,170127,6415,4244,847,365,9.1,2023,8,August,3,Friday,6.76,3.77,45.73,4.98,Medium
VID0237,Gaming,NovaByte,2023-08-05 12:18:45.450901,18.1,58809,5554,976,301,912,6.3,2023,8,August,3,Saturday,11.62,9.44,34.81,5.12,High
VID0389,Gaming,PixelPulse,2023-08-06 23:25:22.244488,32.1,18926,793,403,108,213,12.2,2023,8,August,3,Sunday,6.89,4.19,38.01,5.71,Medium
VID0283,Gaming,NovaByte,2023-08-08 10:31:59.038076,34.7,55400,4688,1641,332,265,26.4,2023,8,August,3,Tuesday,12.02,8.46,76.08,5.99,High
VID0458,Vlog,CodeWave,2023-08-09 21:38:35.831663,32.6,10699,553,275,62,43,19.7,2023,8,August,3,Wednesday,8.32,5.17,60.43,5.79,Medium
VID0256,Vlog,MindSpark,2023-08-11 08:45:12.625250,10.5,45165,3800,773,115,483,7.5,2023,8,August,3,Friday,10.38,8.41,71.43,2.55,High
VID0334,Entertainment,NovaByte,2023-08-12 19:51:49.418837,30.1,54139,3818,849,347,925,9.1,2023,8,August,3,Saturday,9.26,7.05,30.23,6.41,Medium
VID0442,Entertainment,CodeWave,2023-08-14 06:58:26.212424,35.0,102552,4872,987,884,1976,26.6,2023,8,August,3,Monday,6.58,4.75,76.0,8.62,Medium
VID0141,Gaming,DailyDrift,2023-08-15 18:05:03.006012,14.2,2088,120,24,13,33,7.8,2023,8,August,3,Tuesday,7.52,5.75,54.93,6.23,Medium
VID0072,Entertainment,PixelPulse,2023-08-17 05:11:39.799599,15.8,28112,3143,256,247,440,11.1,2023,8,August,3,Thursday,12.97,11.18,70.25,8.79,High
VID0483,Tech,DailyDrift,2023-08-18 16:18:16.593186,31.3,10376,549,216,75,83,11.8,2023,8,August,3,Friday,8.1,5.29,37.7,7.23,Medium
VID0082,Gaming,CodeWave,2023-08-20 03:24:53.386773,12.5,215129,16421,3809,2591,1222,10.3,2023,8,August,3,Sunday,10.61,7.63,82.4,12.04,High
VID0317,Vlog,NovaByte,2023-08-21 14:31:30.180360,20.0,22803,1777,219,101,338,6.8,2023,8,August,3,Monday,9.2,7.79,34.0,4.43,Medium
VID0434,Vlog,MindSpark,2023-08-23 01:38:06.973947,28.8,31590,2696,394,245,189,11.9,2023,8,August,3,Wednesday,10.56,8.53,41.32,7.76,High
VID0006,Tech,NovaByte,2023-08-24 12:44:43.767535,44.9,22343,2552,523,201,409,38.7,2023,8,August,3,Thursday,14.66,11.42,86.19,9.0,High
VID0120,Tech,DailyDrift,2023-08-25 23:51:20.561122,27.6,38672,4419,891,560,538,14.8,2023,8,August,3,Friday,15.18,11.43,53.62,14.48,High
VID0016,Tech,MindSpark,2023-08-27 10:57:57.354709,31.3,164314,18162,3961,2175,2223,18.0,2023,8,August,3,Sunday,14.79,11.05,57.51,13.24,High
VID0140,Entertainment,CodeWave,2023-08-28 22:04:34.148296,20.6,50860,1663,1277,328,254,12.9,2023,8,August,3,Monday,6.43,3.27,62.62,6.45,Medium
VID0134,Entertainment,MindSpark,2023-08-30 09:11:10.941883,28.5,35790,3869,236,480,324,10.6,2023,8,August,3,Wednesday,12.81,10.81,37.19,13.41,High
VID0395,Entertainment,NovaByte,2023-08-31 20:17:47.735470,38.1,12550,573,144,105,94,28.7,2023,8,August,3,Thursday,6.55,4.57,75.33,8.37,Medium
VID0269,Entertainment,CodeWave,2023-09-02 07:24:24.529058,23.3,87531,9106,551,581,1196,19.1,2023,9,September,3,Saturday,11.7,10.4,81.97,6.64,High
VID0198,Gaming,PixelPulse,2023-09-03 18:31:01.322645,40.3,156128,5712,1308,1001,1426,13.3,2023,9,September,3,Sunday,5.14,3.66,33.0,6.41,Medium
VID0224,Education,DailyDrift,2023-09-05 05:37:38.116232,13.4,1243,140,26,13,20,5.9,2023,9,September,3,Tuesday,14.4,11.26,44.03,10.46,High
VID0422,Education,CodeWave,2023-09-06 16:44:14.909819,8.2,73023,6758,879,1068,148,4.9,2023,9,September,3,Wednesday,11.92,9.25,59.76,14.63,High
VID0426,Tech,MindSpark,2023-09-08 03:50:51.703406,38.4,14738,603,272,176,72,25.7,2023,9,September,3,Friday,7.13,4.09,66.93,11.94,Medium
VID0263,Entertainment,CodeWave,2023-09-09 14:57:28.496993,8.3,104589,11043,2225,217,351,6.9,2023,9,September,3,Saturday,12.89,10.56,83.13,2.07,High
VID0005,Entertainment,MindSpark,2023-09-11 02:04:05.290581,22.3,147407,4841,4261,1803,2397,10.7,2023,9,September,3,Monday,7.4,3.28,47.98,12.23,Medium
VID0362,Education,PixelPulse,2023-09-12 13:10:42.084168,25.4,119142,6850,1632,1537,375,20.6,2023,9,September,3,Tuesday,8.41,5.75,81.1,12.9,Medium
VID0221,Tech,MindSpark,2023-09-14 00:17:18.877755,8.4,17923,1582,245,22,272,7.0,2023,9,September,3,Thursday,10.32,8.83,83.33,1.23,High
VID0274,Education,PixelPulse,2023-09-15 11:23:55.671342,39.5,18962,1339,251,265,268,31.9,2023,9,September,3,Friday,9.78,7.06,80.76,13.98,Medium
VID0055,Vlog,CodeWave,2023-09-16 22:30:32.464929,13.6,5554,600,67,55,76,7.5,2023,9,September,3,Saturday,13.0,10.8,55.15,9.9,High
VID0392,Entertainment,CodeWave,2023-09-18 09:37:09.258517,20.5,11239,829,271,76,94,13.3,2023,9,September,3,Monday,10.46,7.38,64.88,6.76,High
VID0428,Entertainment,DailyDrift,2023-09-19 20:43:46.052104,12.4,258801,10117,2859,1918,606,9.7,2023,9,September,3,Tuesday,5.76,3.91,78.23,7.41,Medium
VID0473,Tech,CodeWave,2023-09-21 07:50:22.845691,11.6,109961,7018,1202,880,1463,9.1,2023,9,September,3,Thursday,8.28,6.38,78.45,8.0,Medium
VID0133,Education,DailyDrift,2023-09-22 18:56:59.639278,39.6,36133,3162,760,194,562,28.2,2023,9,September,3,Friday,11.39,8.75,71.21,5.37,High
VID0054,Entertainment,CodeWave,2023-09-24 06:03:36.432865,14.7,144771,4865,3061,165,1223,5.0,2023,9,September,3,Sunday,5.59,3.36,34.01,1.14,Medium
VID0021,Tech,DailyDrift,2023-09-25 17:10:13.226452,24.4,60393,4672,748,292,663,12.6,2023,9,September,3,Monday,9.46,7.74,51.64,4.83,Medium
VID0401,Vlog,MindSpark,2023-09-27 04:16:50.020040,43.5,217811,7040,3595,2283,4125,13.7,2023,9,September,3,Wednesday,5.93,3.23,31.49,10.48,Medium
VID0419,Entertainment,CodeWave,2023-09-28 15:23:26.813627,44.6,189301,6669,4385,192,1160,30.4,2023,9,September,3,Thursday,5.94,3.52,68.16,1.01,Medium
VID0496,Gaming,PixelPulse,2023-09-30 02:30:03.607214,7.7,24917,2401,299,367,443,2.7,2023,9,September,3,Saturday,12.31,9.64,35.06,14.73,High
VID0335,Education,CodeWave,2023-10-01 13:36:40.400801,35.0,82256,8065,744,810,1356,16.2,2023,10,October,4,Sunday,11.69,9.8,46.29,9.85,High
VID0010,Entertainment,NovaByte,2023-10-03 00:43:17.194388,19.0,240028,26015,5848,1574,4702,16.8,2023,10,October,4,Tuesday,13.93,10.84,88.42,6.56,High
VID0432,Gaming,NovaByte,2023-10-04 11:49:53.987975,8.7,72112,8632,1439,302,604,6.0,2023,10,October,4,Wednesday,14.38,11.97,68.97,4.19,High
VID0059,Education,NovaByte,2023-10-05 22:56:30.781563,12.5,16530,1219,462,184,63,8.7,2023,10,October,4,Thursday,11.28,7.37,69.6,11.13,High
VID0188,Gaming,NovaByte,2023-10-07 10:03:07.575150,41.9,17574,536,300,54,293,18.3,2023,10,October,4,Saturday,5.06,3.05,43.68,3.07,Medium
VID0286,Entertainment,NovaByte,2023-10-08 21:09:44.368737,38.5,16859,1098,111,226,301,16.9,2023,10,October,4,Sunday,8.51,6.51,43.9,13.41,Medium
VID0197,Vlog,DailyDrift,2023-10-10 08:16:21.162324,40.2,14294,721,289,166,170,30.2,2023,10,October,4,Tuesday,8.23,5.04,75.12,11.61,Medium
VID0354,Education,PixelPulse,2023-10-11 19:22:57.955911,45.0,113098,10607,2907,837,1151,34.6,2023,10,October,4,Wednesday,12.69,9.38,76.89,7.4,High
VID0410,Education,PixelPulse,2023-10-13 06:29:34.749498,40.4,82401,3255,2303,1013,1407,23.7,2023,10,October,4,Friday,7.97,3.95,58.66,12.29,Medium
VID0387,Tech,PixelPulse,2023-10-14 17:36:11.543086,35.9,105143,9219,612,126,796,25.5,2023,10,October,4,Saturday,9.47,8.77,71.03,1.2,Medium
VID0162,Gaming,PixelPulse,2023-10-16 04:42:48.336673,32.6,8418,765,130,82,147,18.0,2023,10,October,4,Monday,11.61,9.09,55.21,9.74,High
VID0047,Tech,CodeWave,2023-10-17 15:49:25.130260,30.3,23527,2544,376,49,435,17.7,2023,10,October,4,Tuesday,12.62,10.81,58.42,2.08,High
VID0459,Tech,MindSpark,2023-10-19 02:56:01.923847,15.9,104128,12269,2808,1441,840,6.3,2023,10,October,4,Thursday,15.86,11.78,39.62,13.84,High
VID0069,Education,DailyDrift,2023-10-20 14:02:38.717434,42.6,18435,1769,545,167,181,15.5,2023,10,October,4,Friday,13.46,9.6,36.38,9.06,High
VID0183,Gaming,PixelPulse,2023-10-22 01:09:15.511022,24.5,120033,12219,3219,329,1760,8.1,2023,10,October,4,Sunday,13.14,10.18,33.06,2.74,High
VID0481,Gaming,MindSpark,2023-10-23 12:15:52.304609,37.8,41569,3821,980,67,714,20.4,2023,10,October,4,Monday,11.71,9.19,53.97,1.61,High
VID0033,Education,PixelPulse,2023-10-24 23:22:29.098196,10.6,74900,6687,1870,742,727,8.5,2023,10,October,4,Tuesday,12.42,8.93,80.19,9.91,High
VID0032,Education,PixelPulse,2023-10-26 10:29:05.891783,25.7,23861,2411,697,24,88,15.1,2023,10,October,4,Thursday,13.13,10.1,58.75,1.01,High
VID0156,Gaming,NovaByte,2023-10-27 21:35:42.685370,32.0,246090,21066,2587,3575,3580,25.6,2023,10,October,4,Friday,11.06,8.56,80.0,14.53,High
VID0239,Entertainment,DailyDrift,2023-10-29 08:42:19.478957,14.3,7206,484,145,81,50,5.6,2023,10,October,4,Sunday,9.85,6.72,39.16,11.24,Medium
VID0340,Education,MindSpark,2023-10-30 19:48:56.272545,24.4,3800,194,103,39,49,7.6,2023,10,October,4,Monday,8.84,5.11,31.15,10.26,Medium
VID0112,Vlog,NovaByte,2023-11-01 06:55:33.066132,44.9,37644,3858,534,152,228,21.8,2023,11,November,4,Wednesday,12.07,10.25,48.55,4.04,High
VID0421,Tech,MindSpark,2023-11-02 18:02:09.859719,18.6,7737,272,199,77,38,6.0,2023,11,November,4,Thursday,7.08,3.52,32.26,9.95,Medium
VID0050,Education,PixelPulse,2023-11-04 05:08:46.653306,33.7,29988,2048,330,310,252,23.4,2023,11,November,4,Saturday,8.96,6.83,69.44,10.34,Medium
VID0153,Gaming,MindSpark,2023-11-05 16:15:23.446893,28.7,310590,35722,4101,561,2685,11.4,2023,11,November,4,Sunday,13.0,11.5,39.72,1.81,High
VID0146,Education,PixelPulse,2023-11-07 03:22:00.240480,26.1,45238,1739,604,388,580,21.9,2023,11,November,4,Tuesday,6.04,3.84,83.91,8.58,Medium
VID0284,Education,MindSpark,2023-11-08 14:28:37.034068,24.7,143757,11385,3493,1447,2732,10.8,2023,11,November,4,Wednesday,11.36,7.92,43.72,10.07,High
VID0388,Tech,CodeWave,2023-11-10 01:35:13.827655,14.5,322639,33561,4064,2034,2096,7.1,2023,11,November,4,Friday,12.29,10.4,48.97,6.3,High
VID0288,Entertainment,DailyDrift,2023-11-11 12:41:50.621242,39.4,190164,14206,5273,1386,2391,29.5,2023,11,November,4,Saturday,10.97,7.47,74.87,7.29,High
VID0087,Gaming,DailyDrift,2023-11-12 23:48:27.414829,6.2,2239,262,46,30,12,5.4,2023,11,November,4,Sunday,15.1,11.7,87.1,13.4,High
VID0193,Education,DailyDrift,2023-11-14 10:55:04.208416,6.3,10184,661,162,94,152,3.2,2023,11,November,4,Tuesday,9.0,6.49,50.79,9.23,Medium
VID0217,Education,PixelPulse,2023-11-15 22:01:41.002004,44.0,161473,18730,4466,1174,1214,31.6,2023,11,November,4,Wednesday,15.09,11.6,71.82,7.27,High
VID0393,Entertainment,PixelPulse,2023-11-17 09:08:17.795591,7.6,50127,4238,1238,396,847,5.4,2023,11,November,4,Friday,11.71,8.45,71.05,7.9,High
VID0142,Entertainment,CodeWave,2023-11-18 20:14:54.589178,28.9,393102,36724,10073,2266,4916,11.4,2023,11,November,4,Saturday,12.48,9.34,39.45,5.76,High
VID0477,Education,CodeWave,2023-11-20 07:21:31.382765,18.8,96860,10682,1665,1191,1455,7.3,2023,11,November,4,Monday,13.98,11.03,38.83,12.3,High
VID0009,Vlog,CodeWave,2023-11-21 18:28:08.176352,13.8,44149,4141,606,620,502,6.3,2023,11,November,4,Tuesday,12.16,9.38,45.65,14.04,High
VID0394,Gaming,DailyDrift,2023-11-23 05:34:44.969939,5.8,138553,13693,2996,922,2245,4.2,2023,11,November,4,Thursday,12.71,9.88,72.41,6.65,High
VID0238,Education,DailyDrift,2023-11-24 16:41:21.763527,17.0,4625,252,135,5,17,15.2,2023,11,November,4,Friday,8.48,5.45,89.41,1.08,Medium
VID0345,Tech,CodeWave,2023-11-26 03:47:58.557114,14.5,208937,16421,5323,1080,1813,7.3,2023,11,November,4,Sunday,10.92,7.86,50.34,5.17,High
VID0051,Education,MindSpark,2023-11-27 14:54:35.350701,15.8,4282,261,34,44,69,13.9,2023,11,November,4,Monday,7.92,6.1,87.97,10.28,Medium
VID0076,Tech,CodeWave,2023-11-29 02:01:12.144288,28.8,37887,1753,391,486,721,11.8,2023,11,November,4,Wednesday,6.94,4.63,40.97,12.83,Medium
VID0446,Education,MindSpark,2023-11-30 13:07:48.937875,37.7,71941,6908,422,298,699,20.3,2023,11,November,4,Thursday,10.6,9.6,53.85,4.14,High
VID0090,Vlog,NovaByte,2023-12-02 00:14:25.731462,40.2,17700,1049,292,161,335,34.6,2023,12,December,4,Saturday,8.49,5.93,86.07,9.1,Medium
VID0048,Entertainment,PixelPulse,2023-12-03 11:21:02.525050,11.3,454439,43374,9235,2711,8687,6.2,2023,12,December,4,Sunday,12.17,9.54,54.87,5.97,High
VID0314,Gaming,NovaByte,2023-12-04 22:27:39.318637,43.8,37600,2955,1112,70,490,28.3,2023,12,December,4,Monday,11.0,7.86,64.61,1.86,High
VID0287,Education,PixelPulse,2023-12-06 09:34:16.112224,19.5,30271,2527,502,243,170,13.2,2023,12,December,4,Wednesday,10.81,8.35,67.69,8.03,High
VID0168,Vlog,NovaByte,2023-12-07 20:40:52.905811,29.0,44382,3959,647,398,870,18.8,2023,12,December,4,Thursday,11.27,8.92,64.83,8.97,High
VID0433,Education,PixelPulse,2023-12-09 07:47:29.699398,11.5,231491,23903,2877,1030,901,6.7,2023,12,December,4,Saturday,12.01,10.33,58.26,4.45,High
VID0420,Education,DailyDrift,2023-12-10 18:54:06.492985,17.5,8980,1073,113,46,36,13.9,2023,12,December,4,Sunday,13.72,11.95,79.43,5.12,High
VID0463,Entertainment,PixelPulse,2023-12-12 06:00:43.286573,22.2,9290,370,120,101,84,11.4,2023,12,December,4,Tuesday,6.36,3.98,51.35,10.87,Medium
VID0291,Vlog,MindSpark,2023-12-13 17:07:20.080160,23.2,57023,5278,435,114,532,8.8,2023,12,December,4,Wednesday,10.22,9.26,37.93,2.0,High
VID0053,Education,PixelPulse,2023-12-15 04:13:56.873747,17.6,39062,4644,1061,363,474,12.8,2023,12,December,4,Friday,15.53,11.89,72.73,9.29,High
VID0205,Education,NovaByte,2023-12-16 15:20:33.667334,16.5,14740,1130,170,185,207,10.6,2023,12,December,4,Saturday,10.07,7.67,64.24,12.55,High
VID0179,Entertainment,CodeWave,2023-12-18 02:27:10.460921,38.5,5068,301,63,42,45,17.8,2023,12,December,4,Monday,8.01,5.94,46.23,8.29,Medium
VID0101,Education,MindSpark,2023-12-19 13:33:47.254509,38.0,16652,1145,339,52,194,14.7,2023,12,December,4,Tuesday,9.22,6.88,38.68,3.12,Medium
VID0207,Entertainment,CodeWave,2023-12-21 00:40:24.048096,44.9,330102,10664,9129,2980,2148,33.9,2023,12,December,4,Thursday,6.9,3.23,75.5,9.03,Medium
VID0038,Entertainment,MindSpark,2023-12-22 11:47:00.841683,12.8,23286,2786,551,247,167,6.8,2023,12,December,4,Friday,15.39,11.96,53.12,10.61,High
VID0150,Education,PixelPulse,2023-12-23 22:53:37.635270,31.0,619,28,11,3,2,9.6,2023,12,December,4,Saturday,6.79,4.52,30.97,4.85,Medium
VID0439,Education,NovaByte,2023-12-25 10:00:14.428857,14.9,75930,3171,1647,1078,686,4.7,2023,12,December,4,Monday,7.77,4.18,31.54,14.2,Medium
VID0436,Education,NovaByte,2023-12-26 21:06:51.222444,43.7,18814,1620,116,143,243,27.7,2023,12,December,4,Tuesday,9.99,8.61,63.39,7.6,Medium
VID0157,Education,NovaByte,2023-12-28 08:13:28.016032,32.1,13883,1502,277,122,206,28.4,2023,12,December,4,Thursday,13.69,10.82,88.47,8.79,High
VID0449,Gaming,CodeWave,2023-12-29 19:20:04.809619,5.3,286278,19310,7555,2780,4190,2.9,2023,12,December,4,Friday,10.36,6.75,54.72,9.71,High
VID0089,Education,DailyDrift,2023-12-31 06:26:41.603206,6.3,57924,5161,521,316,187,5.2,2023,12,December,4,Sunday,10.35,8.91,82.54,5.46,High
VID0497,Vlog,NovaByte,2024-01-01 17:33:18.396793,28.8,75444,5741,767,677,679,18.4,2024,1,January,1,Monday,9.52,7.61,63.89,8.97,Medium
VID0246,Vlog,MindSpark,2024-01-03 04:39:55.190380,37.4,93845,3718,1785,1100,1827,17.7,2024,1,January,1,Wednesday,7.04,3.96,47.33,11.72,Medium
VID0470,Education,CodeWave,2024-01-04 15:46:31.983967,17.0,4813,285,100,69,15,9.6,2024,1,January,1,Thursday,9.43,5.92,56.47,14.34,Medium
VID0452,Education,MindSpark,2024-01-06 02:53:08.777555,21.4,1587,84,40,4,14,8.0,2024,1,January,1,Saturday,8.07,5.29,37.38,2.52,Medium
VID0472,Entertainment,CodeWave,2024-01-07 13:59:45.571142,22.4,104609,7619,2360,458,1264,7.5,2024,1,January,1,Sunday,9.98,7.28,33.48,4.38,Medium
VID0173,Tech,CodeWave,2024-01-09 01:06:22.364729,38.5,100277,10866,1339,767,1910,25.1,2024,1,January,1,Tuesday,12.94,10.84,65.19,7.65,High
VID0469,Gaming,DailyDrift,2024-01-10 12:12:59.158316,24.7,1314,57,26,3,21,17.2,2024,1,January,1,Wednesday,6.54,4.34,69.64,2.28,Medium
VID0429,Entertainment,NovaByte,2024-01-11 23:19:35.951903,19.9,97966,9041,520,643,488,12.9,2024,1,January,1,Thursday,10.42,9.23,64.82,6.56,High
VID0424,Tech,CodeWave,2024-01-13 10:26:12.745490,15.4,38302,1973,299,50,581,7.0,2024,1,January,1,Saturday,6.06,5.15,45.45,1.31,Medium
VID0494,Gaming,PixelPulse,2024-01-14 21:32:49.539078,44.2,14321,1097,141,213,81,34.6,2024,1,January,1,Sunday,10.13,7.66,78.28,14.87,High
VID0214,Tech,MindSpark,2024-01-16 08:39:26.332665,7.5,60499,5979,1039,816,177,2.5,2024,1,January,1,Tuesday,12.95,9.88,33.33,13.49,High
VID0017,Education,PixelPulse,2024-01-17 19:46:03.126252,33.4,7456,591,86,58,104,14.6,2024,1,January,1,Wednesday,9.86,7.93,43.71,7.78,Medium
VID0189,Gaming,NovaByte,2024-01-19 06:52:39.919839,28.3,293095,17354,2443,2191,3468,22.4,2024,1,January,1,Friday,7.5,5.92,79.15,7.48,Medium
VID0199,Entertainment,PixelPulse,2024-01-20 17:59:16.713426,31.4,62693,5285,1491,511,274,18.7,2024,1,January,1,Saturday,11.62,8.43,59.55,8.15,High
VID0390,Tech,DailyDrift,2024-01-22 05:05:53.507014,27.6,186857,20102,5317,237,2175,18.8,2024,1,January,1,Monday,13.73,10.76,68.12,1.27,High
VID0376,Vlog,DailyDrift,2024-01-23 16:12:30.300601,7.0,178792,19491,1205,1167,1195,6.2,2024,1,January,1,Tuesday,12.23,10.9,88.57,6.53,High
VID0172,Gaming,NovaByte,2024-01-25 03:19:07.094188,31.7,79328,5284,1115,123,961,10.3,2024,1,January,1,Thursday,8.22,6.66,32.49,1.55,Medium
VID0478,Gaming,PixelPulse,2024-01-26 14:25:43.887775,34.3,7074,820,150,52,82,20.1,2024,1,January,1,Friday,14.45,11.59,58.6,7.35,High
VID0306,Education,PixelPulse,2024-01-28 01:32:20.681362,27.8,194716,11508,3568,342,3012,15.5,2024,1,January,1,Sunday,7.92,5.91,55.76,1.76,Medium
VID0065,Tech,DailyDrift,2024-01-29 12:38:57.474949,36.8,100845,11306,2461,117,1775,29.0,2024,1,January,1,Monday,13.77,11.21,78.8,1.16,High
VID0430,Education,CodeWave,2024-01-30 23:45:34.268537,42.1,65124,2318,1088,341,1174,31.1,2024,1,January,1,Tuesday,5.75,3.56,73.87,5.24,Medium
VID0182,Vlog,CodeWave,2024-02-01 10:52:11.062124,26.4,4223,416,66,50,9,16.6,2024,2,February,1,Thursday,12.6,9.85,62.88,11.84,High
VID0099,Tech,CodeWave,2024-02-02 21:58:47.855711,41.0,132345,7984,2498,1781,625,30.3,2024,2,February,1,Friday,9.27,6.03,73.9,13.46,Medium
VID0425,Vlog,MindSpark,2024-02-04 09:05:24.649298,18.7,180789,7738,4084,2455,2037,9.1,2024,2,February,1,Sunday,7.9,4.28,48.66,13.58,Medium
VID0282,Entertainment,NovaByte,2024-02-05 20:12:01.442885,24.6,204899,17985,3335,1936,800,11.5,2024,2,February,1,Monday,11.35,8.78,46.75,9.45,High
VID0218,Education,PixelPulse,2024-02-07 07:18:38.236472,37.7,2252,71,19,18,18,15.7,2024,2,February,1,Wednesday,4.8,3.15,41.64,7.99,Low
VID0060,Tech,DailyDrift,2024-02-08 18:25:15.030060,8.1,14281,1551,161,38,158,2.8,2024,2,February,1,Thursday,12.25,10.86,34.57,2.66,High
VID0482,Education,DailyDrift,2024-02-10 05:31:51.823647,27.7,155418,10783,2744,516,1667,13.9,2024,2,February,1,Saturday,9.04,6.94,50.18,3.32,Medium
VID0333,Gaming,PixelPulse,2024-02-11 16:38:28.617234,36.7,81604,3158,2207,645,1560,17.5,2024,2,February,1,Sunday,7.36,3.87,47.68,7.9,Medium
VID0308,Education,MindSpark,2024-02-13 03:45:05.410821,16.1,126127,7813,2824,686,1237,6.5,2024,2,February,1,Tuesday,8.98,6.19,40.37,5.44,Medium
VID0042,Gaming,PixelPulse,2024-02-14 14:51:42.204408,35.3,78756,7184,1059,485,221,13.1,2024,2,February,1,Wednesday,11.08,9.12,37.11,6.16,High
VID0267,Education,PixelPulse,2024-02-16 01:58:18.997995,7.3,81883,8208,2060,139,1046,5.5,2024,2,February,1,Friday,12.71,10.02,75.34,1.7,High
VID0252,Education,DailyDrift,2024-02-17 13:04:55.791583,24.4,889,70,20,5,7,15.6,2024,2,February,1,Saturday,10.69,7.87,63.93,5.62,High
VID0325,Gaming,NovaByte,2024-02-19 00:11:32.585170,31.9,494090,35509,12396,5951,3396,15.2,2024,2,February,1,Monday,10.9,7.19,47.65,12.04,High
VID0084,Entertainment,NovaByte,2024-02-20 11:18:09.378757,33.0,45178,3766,864,550,241,14.5,2024,2,February,1,Tuesday,11.47,8.34,43.94,12.17,High
VID0190,Vlog,MindSpark,2024-02-21 22:24:46.172344,28.7,41050,2585,287,604,796,24.6,2024,2,February,1,Wednesday,8.47,6.3,85.71,14.71,Medium
VID0255,Gaming,MindSpark,2024-02-23 09:31:22.965931,37.2,311558,36024,5127,1833,1774,32.0,2024,2,February,1,Friday,13.8,11.56,86.02,5.88,High
VID0109,Vlog,PixelPulse,2024-02-24 20:37:59.759519,34.9,38303,3437,905,401,436,28.1,2024,2,February,1,Saturday,12.38,8.97,80.52,10.47,High
VID0232,Gaming,CodeWave,2024-02-26 07:44:36.553106,35.4,372285,21464,10994,5362,5044,13.9,2024,2,February,1,Monday,10.16,5.77,39.27,14.4,High
VID0062,Education,NovaByte,2024-02-27 18:51:13.346693,20.3,45992,3125,759,88,124,12.8,2024,2,February,1,Tuesday,8.64,6.79,63.05,1.91,Medium
VID0159,Gaming,NovaByte,2024-02-29 05:57:50.140280,42.7,122087,3996,3657,1114,2268,18.7,2024,2,February,1,Thursday,7.18,3.27,43.79,9.12,Medium
VID0476,Entertainment,DailyDrift,2024-03-01 17:04:26.933867,41.1,177028,17818,2586,857,385,35.9,2024,3,March,1,Friday,12.01,10.07,87.35,4.84,High
VID0175,Education,NovaByte,2024-03-03 04:11:03.727454,5.8,78455,6357,439,328,694,5.1,2024,3,March,1,Sunday,9.08,8.1,87.93,4.18,Medium
VID0370,Entertainment,DailyDrift,2024-03-04 15:17:40.521042,22.5,153321,16348,4519,787,1661,12.0,2024,3,March,1,Monday,14.12,10.66,53.33,5.13,High
VID0382,Entertainment,CodeWave,2024-03-06 02:24:17.314629,20.2,18103,1199,381,32,323,15.9,2024,3,March,1,Wednesday,8.9,6.62,78.71,1.77,Medium
VID0240,Entertainment,CodeWave,2024-03-07 13:30:54.108216,10.2,190668,7811,2619,2417,1329,9.1,2024,3,March,1,Thursday,6.74,4.1,89.22,12.68,Medium
VID0125,Gaming,PixelPulse,2024-03-09 00:37:30.901803,35.6,354988,20750,7948,1150,2788,30.9,2024,3,March,1,Saturday,8.41,5.85,86.8,3.24,Medium
VID0049,Tech,NovaByte,2024-03-10 11:44:07.695390,24.0,21727,2104,620,308,269,9.5,2024,3,March,1,Sunday,13.95,9.68,39.58,14.18,High
VID0281,Tech,PixelPulse,2024-03-11 22:50:44.488977,12.8,50929,1636,558,748,969,7.1,2024,3,March,1,Monday,5.78,3.21,55.47,14.69,Medium
VID0064,Tech,DailyDrift,2024-03-13 09:57:21.282565,31.4,4587,382,106,13,23,25.1,2024,3,March,1,Wednesday,10.92,8.33,79.94,2.83,High
VID0186,Education,NovaByte,2024-03-14 21:03:58.076152,27.9,106102,4330,2659,1408,660,21.9,2024,3,March,1,Thursday,7.91,4.08,78.49,13.27,Medium
VID0311,Gaming,DailyDrift,2024-03-16 08:10:34.869739,38.0,56765,2048,1500,93,852,33.4,2024,3,March,1,Saturday,6.41,3.61,87.89,1.64,Medium
VID0204,Gaming,DailyDrift,2024-03-17 19:17:11.663326,34.5,66442,7155,800,445,1175,13.7,2024,3,March,1,Sunday,12.64,10.77,39.71,6.7,High
VID0490,Tech,PixelPulse,2024-03-19 06:23:48.456913,9.2,76567,8465,912,335,257,6.0,2024,3,March,1,Tuesday,12.68,11.06,65.22,4.38,High
VID0013,Entertainment,NovaByte,2024-03-20 17:30:25.250501,19.8,107885,6532,1009,279,1141,6.5,2024,3,March,1,Wednesday,7.25,6.05,32.83,2.59,Medium
VID0337,Gaming,PixelPulse,2024-03-22 04:37:02.044088,23.3,14790,1328,280,15,277,16.2,2024,3,March,1,Friday,10.97,8.98,69.53,1.01,High
VID0108,Education,NovaByte,2024-03-23 15:43:38.837675,18.1,62983,6063,370,337,598,8.2,2024,3,March,1,Saturday,10.75,9.63,45.3,5.35,High
VID0015,Education,DailyDrift,2024-03-25 02:50:15.631262,33.9,150810,5611,3243,1222,973,24.2,2024,3,March,1,Monday,6.68,3.72,71.39,8.1,Medium
VID0035,Vlog,MindSpark,2024-03-26 13:56:52.424849,29.8,15262,1220,450,70,162,15.8,2024,3,March,1,Tuesday,11.4,7.99,53.02,4.59,High
VID0296,Entertainment,PixelPulse,2024-03-28 01:03:29.218436,12.0,146833,17504,4274,1799,2824,6.1,2024,3,March,1,Thursday,16.06,11.92,50.83,12.25,High
VID0098,Tech,CodeWave,2024-03-29 12:10:06.012024,18.0,60737,4663,613,181,837,10.0,2024,3,March,1,Friday,8.98,7.68,55.56,2.98,Medium
VID0026,Vlog,DailyDrift,2024-03-30 23:16:42.805611,7.7,500,22,4,5,3,4.0,2024,3,March,1,Saturday,6.2,4.4,51.95,10.0,Medium
VID0280,Vlog,NovaByte,2024-04-01 10:23:19.599198,19.9,50239,1939,1344,500,883,12.8,2024,4,April,2,Monday,7.53,3.86,64.32,9.95,Medium
VID0258,Entertainment,PixelPulse,2024-04-02 21:29:56.392785,25.2,224472,24597,6429,3202,1610,16.0,2024,4,April,2,Tuesday,15.25,10.96,63.49,14.26,High
VID0323,Tech,PixelPulse,2024-04-04 08:36:33.186372,36.8,32413,2599,229,414,209,14.2,2024,4,April,2,Thursday,10.0,8.02,38.59,12.77,Medium
VID0352,Tech,CodeWave,2024-04-05 19:43:09.979959,22.2,128911,13451,1797,1032,1804,12.0,2024,4,April,2,Friday,12.63,10.43,54.05,8.01,High
VID0044,Tech,DailyDrift,2024-04-07 06:49:46.773547,31.2,67526,2212,716,463,586,22.2,2024,4,April,2,Sunday,5.02,3.28,71.15,6.86,Medium
VID0023,Education,DailyDrift,2024-04-08 17:56:23.567134,37.2,2027,75,41,13,4,29.5,2024,4,April,2,Monday,6.36,3.7,79.3,6.41,Medium
VID0322,Tech,DailyDrift,2024-04-10 05:03:00.360721,38.8,141704,12691,2888,678,318,21.1,2024,4,April,2,Wednesday,11.47,8.96,54.38,4.78,High
VID0225,Gaming,NovaByte,2024-04-11 16:09:37.154308,14.2,268967,9527,7822,2876,1921,7.8,2024,4,April,2,Thursday,7.52,3.54,54.93,10.69,Medium
VID0201,Tech,MindSpark,2024-04-13 03:16:13.947895,39.5,224342,19238,6486,2037,1083,19.8,2024,4,April,2,Saturday,12.37,8.58,50.13,9.08,High
VID0093,Vlog,CodeWave,2024-04-14 14:22:50.741482,6.6,8379,982,194,91,139,4.5,2024,4,April,2,Sunday,15.12,11.72,68.18,10.86,High
VID0216,Vlog,DailyDrift,2024-04-16 01:29:27.535070,7.7,197800,18718,1298,2644,1419,4.1,2024,4,April,2,Tuesday,11.46,9.46,53.25,13.37,High
VID0241,Vlog,PixelPulse,2024-04-17 12:36:04.328657,15.3,29072,1346,228,330,284,13.6,2024,4,April,2,Wednesday,6.55,4.63,88.89,11.35,Medium
VID0260,Tech,PixelPulse,2024-04-18 23:42:41.122244,30.0,45347,2225,985,651,881,9.3,2024,4,April,2,Thursday,8.51,4.91,31.0,14.36,Medium
VID0027,Vlog,CodeWave,2024-04-20 10:49:17.915831,35.7,32457,3520,661,308,435,28.0,2024,4,April,2,Saturday,13.83,10.85,78.43,9.49,High
VID0349,Tech,NovaByte,2024-04-21 21:55:54.709418,35.4,41937,1594,703,70,286,30.1,2024,4,April,2,Sunday,5.64,3.8,85.03,1.67,Medium
VID0154,Gaming,CodeWave,2024-04-23 09:02:31.503006,7.1,181968,16648,2884,1054,3419,3.1,2024,4,April,2,Tuesday,11.31,9.15,43.66,5.79,High
VID0143,Education,CodeWave,2024-04-24 20:09:08.296593,42.1,8017,386,139,68,153,16.9,2024,4,April,2,Wednesday,7.4,4.81,40.14,8.48,Medium
VID0384,Education,MindSpark,2024-04-26 07:15:45.090180,20.7,37405,3461,666,307,536,10.0,2024,4,April,2,Friday,11.85,9.25,48.31,8.21,High
VID0253,Education,NovaByte,2024-04-27 18:22:21.883767,17.1,146950,4982,2731,984,1345,13.9,2024,4,April,2,Saturday,5.92,3.39,81.29,6.7,Medium
VID0437,Tech,NovaByte,2024-04-29 05:28:58.677354,22.9,32354,2505,892,58,207,11.8,2024,4,April,2,Monday,10.68,7.74,51.53,1.79,High
VID0355,Tech,DailyDrift,2024-04-30 16:35:35.470941,35.8,83176,2765,1112,326,1109,13.3,2024,4,April,2,Tuesday,5.05,3.32,37.15,3.92,Medium
VID0351,Tech,MindSpark,2024-05-02 03:42:12.264529,24.5,143698,5962,2368,2068,2603,8.9,2024,5,May,2,Thursday,7.24,4.15,36.33,14.39,Medium
VID0025,Gaming,CodeWave,2024-05-03 14:48:49.058116,26.9,324761,16965,3293,4451,6063,13.7,2024,5,May,2,Friday,7.61,5.22,50.93,13.71,Medium
VID0100,Gaming,CodeWave,2024-05-05 01:55:25.851703,44.8,45878,4798,1070,268,815,35.6,2024,5,May,2,Sunday,13.37,10.46,79.46,5.84,High
VID0226,Gaming,NovaByte,2024-05-06 13:02:02.645290,23.8,79401,9059,1508,228,777,10.6,2024,5,May,2,Monday,13.6,11.41,44.54,2.87,High
VID0039,Gaming,PixelPulse,2024-05-08 00:08:39.438877,40.6,120730,14213,3053,314,1106,23.4,2024,5,May,2,Wednesday,14.56,11.77,57.64,2.6,High
VID0377,Education,NovaByte,2024-05-09 11:15:16.232464,34.0,71939,7778,674,790,350,19.3,2024,5,May,2,Thursday,12.85,10.81,56.76,10.98,High
VID0363,Education,MindSpark,2024-05-10 22:21:53.026052,29.6,98616,6481,1603,391,1661,25.9,2024,5,May,2,Friday,8.59,6.57,87.5,3.96,Medium
VID0046,Gaming,CodeWave,2024-05-12 09:28:29.819639,28.2,217853,15606,3442,434,3393,9.0,2024,5,May,2,Sunday,8.94,7.16,31.91,1.99,Medium
VID0174,Education,DailyDrift,2024-05-13 20:35:06.613226,11.8,23268,2336,131,200,254,6.4,2024,5,May,2,Monday,11.46,10.04,54.24,8.6,High
VID0357,Education,MindSpark,2024-05-15 07:41:43.406813,38.1,57387,3080,1308,354,843,27.7,2024,5,May,2,Wednesday,8.26,5.37,72.7,6.17,Medium
VID0264,Gaming,CodeWave,2024-05-16 18:48:20.200400,23.4,197506,21923,3680,1581,3777,20.9,2024,5,May,2,Thursday,13.76,11.1,89.32,8.0,High
VID0185,Tech,MindSpark,2024-05-18 05:54:56.993987,11.1,36614,3793,353,177,361,8.9,2024,5,May,2,Saturday,11.81,10.36,80.18,4.83,High
VID0466,Tech,PixelPulse,2024-05-19 17:01:33.787575,34.4,167717,17776,3362,186,1868,28.6,2024,5,May,2,Sunday,12.71,10.6,83.14,1.11,High
VID0045,Tech,NovaByte,2024-05-21 04:08:10.581162,40.6,1779,94,25,20,16,25.1,2024,5,May,2,Tuesday,7.81,5.28,61.82,11.24,Medium
VID0375,Gaming,NovaByte,2024-05-22 15:14:47.374749,14.5,215894,13872,4783,2164,2977,5.9,2024,5,May,2,Wednesday,9.64,6.43,40.69,10.02,Medium
VID0368,Vlog,CodeWave,2024-05-24 02:21:24.168336,6.4,108852,8134,2834,1141,1202,3.4,2024,5,May,2,Friday,11.12,7.47,53.12,10.48,High
VID0443,Vlog,MindSpark,2024-05-25 13:28:00.961923,35.2,206884,13054,1442,2995,2708,25.4,2024,5,May,2,Saturday,8.45,6.31,72.16,14.48,Medium
VID0396,Entertainment,CodeWave,2024-05-27 00:34:37.755511,26.0,139629,10504,3864,1302,2575,21.4,2024,5,May,2,Monday,11.22,7.52,82.31,9.32,High
VID0297,Entertainment,CodeWave,2024-05-28 11:41:14.549098,27.7,149731,6222,1511,1307,1374,16.3,2024,5,May,2,Tuesday,6.04,4.16,58.84,8.73,Medium
VID0137,Education,NovaByte,2024-05-29 22:47:51.342685,35.3,299564,22166,5696,4426,1022,23.8,2024,5,May,2,Wednesday,10.78,7.4,67.42,14.77,High
VID0073,Entertainment,MindSpark,2024-05-31 09:54:28.136272,12.6,237473,10964,1969,1378,1682,8.8,2024,5,May,2,Friday,6.03,4.62,69.84,5.8,Medium
VID0499,Gaming,DailyDrift,2024-06-01 21:01:04.929859,6.3,181392,6122,931,1291,3523,3.4,2024,6,June,2,Saturday,4.6,3.38,53.97,7.12,Low
VID0265,Education,PixelPulse,2024-06-03 08:07:41.723446,17.3,115859,7161,759,1404,851,8.2,2024,6,June,2,Monday,8.05,6.18,47.4,12.12,Medium
VID0451,Vlog,DailyDrift,2024-06-04 19:14:18.517034,31.5,6331,200,41,57,69,14.2,2024,6,June,2,Tuesday,4.71,3.16,45.08,9.0,Low
VID0119,Gaming,DailyDrift,2024-06-06 06:20:55.310621,36.3,90345,7029,1464,729,545,31.9,2024,6,June,2,Thursday,10.21,7.78,87.88,8.07,High
VID0289,Vlog,NovaByte,2024-06-07 17:27:32.104208,21.3,260600,30985,4812,2398,3810,9.2,2024,6,June,2,Friday,14.66,11.89,43.19,9.2,High
VID0259,Tech,CodeWave,2024-06-09 04:34:08.897795,10.8,741863,37484,19473,1492,10253,8.3,2024,6,June,2,Sunday,7.88,5.05,76.85,2.01,Medium
VID0320,Vlog,DailyDrift,2024-06-10 15:40:45.691382,8.5,39046,3524,343,94,694,4.3,2024,6,June,2,Monday,10.14,9.03,50.59,2.41,High
VID0300,Gaming,MindSpark,2024-06-12 02:47:22.484969,30.8,29133,2390,723,345,410,17.8,2024,6,June,2,Wednesday,11.87,8.2,57.79,11.84,High
VID0155,Vlog,CodeWave,2024-06-13 13:53:59.278557,23.2,73406,5486,529,351,1240,7.3,2024,6,June,2,Thursday,8.67,7.47,31.47,4.78,Medium
VID0417,Tech,MindSpark,2024-06-15 01:00:36.072144,33.2,16080,1612,87,94,84,20.8,2024,6,June,2,Saturday,11.15,10.02,62.65,5.85,High
VID0114,Vlog,MindSpark,2024-06-16 12:07:12.865731,6.6,28652,3098,249,210,214,3.3,2024,6,June,2,Sunday,12.41,10.81,50.0,7.33,High
VID0113,Entertainment,CodeWave,2024-06-17 23:13:49.659318,14.7,48052,3973,633,712,359,9.5,2024,6,June,2,Monday,11.07,8.27,64.63,14.82,High
VID0378,Tech,PixelPulse,2024-06-19 10:20:26.452905,9.5,31588,3238,833,119,154,5.9,2024,6,June,2,Wednesday,13.26,10.25,62.11,3.77,High
VID0347,Vlog,DailyDrift,2024-06-20 21:27:03.246492,23.7,50996,3920,1160,609,638,8.5,2024,6,June,2,Thursday,11.16,7.69,35.86,11.94,High
VID0409,Entertainment,NovaByte,2024-06-22 08:33:40.040080,42.9,120723,8397,2836,1422,1712,15.7,2024,6,June,2,Saturday,10.48,6.96,36.6,11.78,High
VID0169,Gaming,PixelPulse,2024-06-23 19:40:16.833667,12.2,59614,7150,1150,577,1038,3.7,2024,6,June,2,Sunday,14.89,11.99,30.33,9.68,High
VID0316,Tech,DailyDrift,2024-06-25 06:46:53.627254,10.7,17156,1519,172,18,109,6.4,2024,6,June,2,Tuesday,9.96,8.85,59.81,1.05,Medium
VID0309,Entertainment,NovaByte,2024-06-26 17:53:30.420841,13.7,950408,34450,23600,952,6326,6.5,2024,6,June,2,Wednesday,6.21,3.62,47.45,1.0,Medium
VID0427,Gaming,PixelPulse,2024-06-28 05:00:07.214428,42.4,99089,5677,734,1181,347,35.6,2024,6,June,2,Friday,7.66,5.73,83.96,11.92,Medium
VID0086,Gaming,CodeWave,2024-06-29 16:06:44.008016,22.3,222882,14531,5980,2898,3876,16.5,2024,6,June,2,Saturday,10.5,6.52,73.99,13.0,High
VID0139,Tech,DailyDrift,2024-07-01 03:13:20.801603,33.3,12713,541,278,183,187,16.1,2024,7,July,3,Monday,7.88,4.26,48.35,14.39,Medium
VID0341,Gaming,CodeWave,2024-07-02 14:19:57.595190,41.8,381039,25125,2661,5534,5857,30.8,2024,7,July,3,Tuesday,8.74,6.59,73.68,14.52,Medium
VID0110,Vlog,NovaByte,2024-07-04 01:26:34.388777,37.3,200867,14606,2021,1904,599,22.0,2024,7,July,3,Thursday,9.23,7.27,58.98,9.48,Medium
VID0415,Gaming,DailyDrift,2024-07-05 12:33:11.182364,5.4,62487,2729,1490,738,305,2.0,2024,7,July,3,Friday,7.93,4.37,37.04,11.81,Medium
VID0412,Tech,MindSpark,2024-07-06 23:39:47.975951,16.1,53137,2627,1405,250,822,10.1,2024,7,July,3,Saturday,8.06,4.94,62.73,4.7,Medium
VID0052,Education,PixelPulse,2024-07-08 10:46:24.769539,13.1,323012,20476,3209,1959,2105,8.3,2024,7,July,3,Monday,7.94,6.34,63.36,6.06,Medium
VID0294,Education,PixelPulse,2024-07-09 21:53:01.563126,12.9,14758,1395,214,162,96,4.2,2024,7,July,3,Tuesday,12.0,9.45,32.56,10.98,High
VID0105,Gaming,MindSpark,2024-07-11 08:59:38.356713,7.7,34957,1574,659,201,150,4.3,2024,7,July,3,Thursday,6.96,4.5,55.84,5.75,Medium
VID0468,Vlog,CodeWave,2024-07-12 20:06:15.150300,16.5,48589,3592,781,353,113,8.8,2024,7,July,3,Friday,9.73,7.39,53.33,7.27,Medium
VID0304,Entertainment,CodeWave,2024-07-14 07:12:51.943887,31.5,68956,7618,1027,198,676,10.0,2024,7,July,3,Sunday,12.82,11.05,31.75,2.87,High
VID0036,Entertainment,CodeWave,2024-07-15 18:19:28.737474,34.7,96365,9128,1931,176,1341,27.2,2024,7,July,3,Monday,11.66,9.47,78.39,1.83,High
VID0163,Entertainment,NovaByte,2024-07-17 05:26:05.531062,32.9,32735,1617,684,256,226,10.9,2024,7,July,3,Wednesday,7.81,4.94,33.13,7.82,Medium
VID0305,Vlog,PixelPulse,2024-07-18 16:32:42.324649,10.6,4170,197,116,40,15,7.2,2024,7,July,3,Thursday,8.47,4.72,67.92,9.59,Medium
VID0136,Vlog,NovaByte,2024-07-20 03:39:19.118236,44.6,162124,12386,3086,2038,2253,18.2,2024,7,July,3,Saturday,10.8,7.64,40.81,12.57,High
VID0266,Gaming,DailyDrift,2024-07-21 14:45:55.911823,37.9,465794,23903,8296,5076,1703,16.2,2024,7,July,3,Sunday,8.0,5.13,42.74,10.9,Medium
VID0462,Tech,PixelPulse,2024-07-23 01:52:32.705410,18.7,71029,5249,1119,956,405,10.7,2024,7,July,3,Tuesday,10.31,7.39,57.22,13.46,High
VID0003,Vlog,CodeWave,2024-07-24 12:59:09.498997,20.0,95429,8328,647,239,1876,8.1,2024,7,July,3,Wednesday,9.66,8.73,40.5,2.5,Medium
VID0361,Education,NovaByte,2024-07-26 00:05:46.292585,18.6,12433,992,106,155,234,11.6,2024,7,July,3,Friday,10.08,7.98,62.37,12.47,High
VID0440,Gaming,NovaByte,2024-07-27 11:12:23.086172,23.8,103432,11356,2051,1240,642,11.6,2024,7,July,3,Saturday,14.16,10.98,48.74,11.99,High
VID0056,Gaming,CodeWave,2024-07-28 22:18:59.879759,22.0,277227,22755,7041,3821,1754,8.1,2024,7,July,3,Sunday,12.13,8.21,36.82,13.78,High
VID0077,Gaming,PixelPulse,2024-07-30 09:25:36.673346,15.6,180744,19320,3189,1933,3265,6.1,2024,7,July,3,Tuesday,13.52,10.69,39.1,10.69,High
VID0067,Tech,MindSpark,2024-07-31 20:32:13.466933,32.7,66884,5756,631,343,1278,17.1,2024,7,July,3,Wednesday,10.06,8.61,52.29,5.13,High
VID0170,Education,NovaByte,2024-08-02 07:38:50.260521,33.2,31647,1086,623,120,462,25.6,2024,8,August,3,Friday,5.78,3.43,77.11,3.79,Medium
VID0383,Gaming,MindSpark,2024-08-03 18:45:27.054108,37.1,214711,9794,4799,549,3575,18.4,2024,8,August,3,Saturday,7.05,4.56,49.6,2.56,Medium
VID0079,Education,PixelPulse,2024-08-05 05:52:03.847695,37.6,1439,75,33,14,23,12.2,2024,8,August,3,Monday,8.48,5.21,32.45,9.73,Medium
VID0360,Entertainment,MindSpark,2024-08-06 16:58:40.641282,13.2,167666,19168,1843,1145,2294,4.1,2024,8,August,3,Tuesday,13.21,11.43,31.06,6.83,High
VID0075,Entertainment,CodeWave,2024-08-08 04:05:17.434869,13.7,74768,8779,1902,757,1352,7.4,2024,8,August,3,Thursday,15.3,11.74,54.01,10.12,High
VID0454,Entertainment,CodeWave,2024-08-09 15:11:54.228456,40.4,153409,6495,1207,1519,2050,35.6,2024,8,August,3,Friday,6.01,4.23,88.12,9.9,Medium
VID0331,Vlog,DailyDrift,2024-08-11 02:18:31.022044,5.0,4095,196,85,9,57,3.5,2024,8,August,3,Sunday,7.08,4.79,70.0,2.2,Medium
VID0228,Tech,PixelPulse,2024-08-12 13:25:07.815631,9.0,371959,14553,2345,2239,2969,7.2,2024,8,August,3,Monday,5.14,3.91,80.0,6.02,Medium
VID0438,Vlog,NovaByte,2024-08-14 00:31:44.609218,25.1,2846,194,74,41,8,21.3,2024,8,August,3,Wednesday,10.86,6.82,84.86,14.41,High
VID0001,Education,DailyDrift,2024-08-15 11:38:21.402805,30.9,96839,4364,2218,393,321,19.1,2024,8,August,3,Thursday,7.2,4.51,61.81,4.06,Medium
VID0123,Entertainment,DailyDrift,2024-08-16 22:44:58.196392,14.3,129802,9176,1919,186,1247,10.0,2024,8,August,3,Friday,8.69,7.07,69.93,1.43,Medium
VID0271,Vlog,CodeWave,2024-08-18 09:51:34.989979,28.0,21826,1966,219,92,49,10.5,2024,8,August,3,Sunday,10.43,9.01,37.5,4.22,High
VID0243,Gaming,PixelPulse,2024-08-19 20:58:11.783567,32.0,11828,547,125,136,38,22.3,2024,8,August,3,Monday,6.83,4.62,69.69,11.5,Medium
VID0167,Education,CodeWave,2024-08-21 08:04:48.577154,30.4,18016,713,468,175,144,9.6,2024,8,August,3,Wednesday,7.53,3.96,31.58,9.71,Medium
VID0230,Education,NovaByte,2024-08-22 19:11:25.370741,10.9,46286,2458,532,226,404,8.7,2024,8,August,3,Thursday,6.95,5.31,79.82,4.88,Medium
VID0020,Education,MindSpark,2024-08-24 06:18:02.164328,31.5,35114,3087,1025,99,557,20.4,2024,8,August,3,Saturday,11.99,8.79,64.76,2.82,High
VID0312,Vlog,PixelPulse,2024-08-25 17:24:38.957915,16.4,99386,10140,2748,483,214,5.4,2024,8,August,3,Sunday,13.45,10.2,32.93,4.86,High
VID0107,Vlog,DailyDrift,2024-08-27 04:31:15.751503,45.0,9009,300,216,60,18,38.2,2024,8,August,3,Tuesday,6.39,3.33,84.89,6.66,Medium
VID0381,Tech,DailyDrift,2024-08-28 15:37:52.545090,11.9,102156,3808,1224,628,1425,7.7,2024,8,August,3,Wednesday,5.54,3.73,64.71,6.15,Medium
VID0116,Entertainment,MindSpark,2024-08-30 02:44:29.338677,10.2,37447,1500,1007,111,75,4.7,2024,8,August,3,Friday,6.99,4.01,46.08,2.96,Medium
VID0418,Tech,NovaByte,2024-08-31 13:51:06.132264,29.9,213815,15262,6215,1326,3098,13.2,2024,8,August,3,Saturday,10.66,7.14,44.15,6.2,High
VID0152,Gaming,PixelPulse,2024-09-02 00:57:42.925851,33.6,402985,42486,3500,1501,4497,22.2,2024,9,September,3,Monday,11.78,10.54,66.07,3.72,High
VID0007,Vlog,DailyDrift,2024-09-03 12:04:19.719438,27.4,38641,1339,534,315,733,21.7,2024,9,September,3,Tuesday,5.66,3.47,79.2,8.15,Medium
VID0261,Tech,MindSpark,2024-09-04 23:10:56.513026,15.9,131177,11148,2171,1090,1687,12.6,2024,9,September,3,Wednesday,10.98,8.5,79.25,8.31,High
VID0493,Education,DailyDrift,2024-09-06 10:17:33.306613,9.7,1215,43,20,17,22,4.9,2024,9,September,3,Friday,6.58,3.54,50.52,13.99,Medium
VID0332,Tech,MindSpark,2024-09-07 21:24:10.100200,39.8,47251,3696,432,501,163,34.5,2024,9,September,3,Saturday,9.8,7.82,86.68,10.6,Medium
VID0441,Gaming,PixelPulse,2024-09-09 08:30:46.893787,31.5,349604,24640,9546,5201,2080,10.5,2024,9,September,3,Monday,11.27,7.05,33.33,14.88,High
VID0257,Gaming,CodeWave,2024-09-10 19:37:23.687374,28.2,559598,58045,5117,6891,3824,22.4,2024,9,September,3,Tuesday,12.52,10.37,79.43,12.31,High
VID0206,Vlog,DailyDrift,2024-09-12 06:44:00.480961,37.1,35130,2568,392,411,574,29.1,2024,9,September,3,Thursday,9.6,7.31,78.44,11.7,Medium
VID0448,Gaming,DailyDrift,2024-09-13 17:50:37.274549,7.2,209579,6495,6263,622,3046,4.1,2024,9,September,3,Friday,6.38,3.1,56.94,2.97,Medium
VID0293,Gaming,DailyDrift,2024-09-15 04:57:14.068136,10.0,532062,36466,13595,2334,6646,8.1,2024,9,September,3,Sunday,9.85,6.85,81.0,4.39,Medium
VID0277,Entertainment,PixelPulse,2024-09-16 16:03:50.861723,38.6,6020,579,60,33,45,25.3,2024,9,September,3,Monday,11.16,9.62,65.54,5.48,High
VID0208,Vlog,MindSpark,2024-09-18 03:10:27.655310,6.2,79056,4799,888,1137,1047,2.4,2024,9,September,3,Wednesday,8.63,6.07,38.71,14.38,Medium
VID0489,Education,MindSpark,2024-09-19 14:17:04.448897,37.0,18970,1694,161,245,197,23.4,2024,9,September,3,Thursday,11.07,8.93,63.24,12.92,High
VID0202,Vlog,MindSpark,2024-09-21 01:23:41.242484,40.4,8827,633,59,115,66,21.7,2024,9,September,3,Saturday,9.14,7.17,53.71,13.03,Medium
VID0487,Gaming,CodeWave,2024-09-22 12:30:18.036072,5.4,164036,11733,2757,2417,2852,2.3,2024,9,September,3,Sunday,10.31,7.15,42.59,14.73,High
VID0242,Gaming,CodeWave,2024-09-23 23:36:54.829659,19.2,258027,23558,2265,774,5069,14.9,2024,9,September,3,Monday,10.31,9.13,77.6,3.0,High
VID0012,Vlog,DailyDrift,2024-09-25 10:43:31.623246,7.7,116904,11942,1125,1126,574,3.9,2024,9,September,3,Wednesday,12.14,10.22,50.65,9.63,High
VID0374,Vlog,DailyDrift,2024-09-26 21:50:08.416833,23.0,15224,1576,199,82,142,8.2,2024,9,September,3,Thursday,12.2,10.35,35.65,5.39,High
VID0024,Gaming,MindSpark,2024-09-28 08:56:45.210420,35.9,61239,2169,890,413,516,21.1,2024,9,September,3,Saturday,5.67,3.54,58.77,6.74,Medium
VID0248,Gaming,MindSpark,2024-09-29 20:03:22.004008,18.7,147481,7829,1160,1414,1366,12.6,2024,9,September,3,Sunday,7.05,5.31,67.38,9.59,Medium
VID0231,Tech,CodeWave,2024-10-01 07:09:58.797595,43.9,237697,13225,5531,938,4516,23.6,2024,10,October,4,Tuesday,8.29,5.56,53.76,3.95,Medium
VID0234,Education,PixelPulse,2024-10-02 18:16:35.591182,22.6,98873,7763,2111,1480,1323,11.7,2024,10,October,4,Wednesday,11.48,7.85,51.77,14.97,High
VID0313,Tech,NovaByte,2024-10-04 05:23:12.384769,42.1,160757,8204,1916,1751,2027,35.1,2024,10,October,4,Friday,7.38,5.1,83.37,10.89,Medium
VID0223,Vlog,PixelPulse,2024-10-05 16:29:49.178356,7.8,172960,8978,959,1838,558,3.7,2024,10,October,4,Saturday,6.81,5.19,47.44,10.63,Medium
VID0467,Tech,NovaByte,2024-10-07 03:36:25.971943,26.3,50164,1947,1370,493,478,14.4,2024,10,October,4,Monday,7.6,3.88,54.75,9.83,Medium
VID0022,Entertainment,NovaByte,2024-10-08 14:43:02.765531,5.2,91649,8783,2220,597,203,4.1,2024,10,October,4,Tuesday,12.66,9.58,78.85,6.51,High
VID0302,Entertainment,MindSpark,2024-10-10 01:49:39.559118,27.1,24760,919,516,196,94,9.5,2024,10,October,4,Thursday,6.59,3.71,35.06,7.92,Medium
VID0336,Tech,DailyDrift,2024-10-11 12:56:16.352705,11.1,46232,2833,245,501,777,4.8,2024,10,October,4,Friday,7.74,6.13,43.24,10.84,Medium
VID0176,Tech,CodeWave,2024-10-13 00:02:53.146292,36.2,331430,31969,8548,4804,1635,22.7,2024,10,October,4,Sunday,13.67,9.65,62.71,14.49,High
VID0011,Education,MindSpark,2024-10-14 11:09:29.939879,19.9,130736,12324,2815,290,2043,11.1,2024,10,October,4,Monday,11.8,9.43,55.78,2.22,High
VID0405,Education,DailyDrift,2024-10-15 22:16:06.733466,29.5,51116,5976,1503,424,611,23.9,2024,10,October,4,Tuesday,15.46,11.69,81.02,8.29,High
VID0310,Entertainment,CodeWave,2024-10-17 09:22:43.527054,12.3,30565,2344,394,249,300,8.6,2024,10,October,4,Thursday,9.77,7.67,69.92,8.15,Medium
VID0144,Education,MindSpark,2024-10-18 20:29:20.320641,42.2,41243,3736,285,130,113,23.2,2024,10,October,4,Friday,10.06,9.06,54.98,3.15,High
VID0074,Tech,MindSpark,2024-10-20 07:35:57.114228,32.8,262882,13506,6085,2946,2196,11.2,2024,10,October,4,Sunday,8.57,5.14,34.15,11.21,Medium
VID0063,Entertainment,CodeWave,2024-10-21 18:42:33.907815,37.9,133127,7310,3467,1128,352,20.5,2024,10,October,4,Monday,8.94,5.49,54.09,8.47,Medium
VID0416,Entertainment,CodeWave,2024-10-23 05:49:10.701402,33.6,96057,3412,2413,792,1356,21.9,2024,10,October,4,Wednesday,6.89,3.55,65.18,8.25,Medium
VID0330,Tech,NovaByte,2024-10-24 16:55:47.494989,15.5,108055,9951,2344,1566,1396,10.9,2024,10,October,4,Thursday,12.83,9.21,70.32,14.49,High
VID0471,Tech,DailyDrift,2024-10-26 04:02:24.288577,28.8,33641,3241,665,283,354,19.8,2024,10,October,4,Saturday,12.45,9.63,68.75,8.41,High
VID0180,Gaming,CodeWave,2024-10-27 15:09:01.082164,37.1,60833,5480,1734,801,149,31.3,2024,10,October,4,Sunday,13.18,9.01,84.37,13.17,High
VID0030,Education,CodeWave,2024-10-29 02:15:37.875751,35.1,161531,9743,2949,2321,2788,12.3,2024,10,October,4,Tuesday,9.29,6.03,35.04,14.37,Medium
VID0181,Gaming,CodeWave,2024-10-30 13:22:14.669338,43.4,180812,18570,2076,511,3092,22.8,2024,10,October,4,Wednesday,11.7,10.27,52.53,2.83,High
VID0338,Education,PixelPulse,2024-11-01 00:28:51.462925,19.0,13926,1414,253,46,164,12.9,2024,11,November,4,Friday,12.3,10.15,67.89,3.3,High
VID0002,Entertainment,NovaByte,2024-11-02 11:35:28.256513,8.0,149888,5907,1019,226,1978,2.9,2024,11,November,4,Saturday,4.77,3.94,36.25,1.51,Low
VID0151,Gaming,PixelPulse,2024-11-03 22:42:05.050100,37.2,25761,2378,412,119,289,25.9,2024,11,November,4,Sunday,11.29,9.23,69.62,4.62,High
VID0166,Tech,NovaByte,2024-11-05 09:48:41.843687,11.2,124767,11055,1902,1662,1025,6.0,2024,11,November,4,Tuesday,11.72,8.86,53.57,13.32,High
VID0115,Gaming,NovaByte,2024-11-06 20:55:18.637274,21.4,200771,9742,2537,2135,1234,6.9,2024,11,November,4,Wednesday,7.18,4.85,32.24,10.63,Medium
VID0211,Vlog,CodeWave,2024-11-08 08:01:55.430861,43.9,94284,7751,1531,1221,1726,22.7,2024,11,November,4,Friday,11.14,8.22,51.71,12.95,High
VID0249,Education,NovaByte,2024-11-09 19:08:32.224448,39.6,156338,18238,4143,350,2389,21.6,2024,11,November,4,Saturday,14.54,11.67,54.55,2.24,High
VID0058,Tech,CodeWave,2024-11-11 06:15:09.018036,25.3,273997,26104,7168,3625,5076,21.8,2024,11,November,4,Monday,13.47,9.53,86.17,13.23,High
VID0318,Tech,NovaByte,2024-11-12 17:21:45.811623,36.9,103946,6152,2842,1182,378,13.1,2024,11,November,4,Tuesday,9.79,5.92,35.5,11.37,Medium
VID0404,Entertainment,DailyDrift,2024-11-14 04:28:22.605210,15.6,12542,996,181,148,113,10.5,2024,11,November,4,Thursday,10.56,7.94,67.31,11.8,High
VID0088,Gaming,NovaByte,2024-11-15 15:34:59.398797,15.4,24735,1316,594,173,81,6.7,2024,11,November,4,Friday,8.42,5.32,43.51,6.99,Medium
VID0276,Vlog,NovaByte,2024-11-17 02:41:36.192384,26.5,23945,1080,430,327,310,18.7,2024,11,November,4,Sunday,7.67,4.51,70.57,13.66,Medium
VID0203,Gaming,PixelPulse,2024-11-18 13:48:12.985971,12.9,525085,33700,3374,7734,3791,8.0,2024,11,November,4,Monday,8.53,6.42,62.02,14.73,Medium
VID0219,Gaming,PixelPulse,2024-11-20 00:54:49.779559,39.1,213978,10189,3918,2091,2820,26.8,2024,11,November,4,Wednesday,7.57,4.76,68.54,9.77,Medium
VID0103,Education,CodeWave,2024-11-21 12:01:26.573146,15.0,837,71,11,8,8,9.4,2024,11,November,4,Thursday,10.75,8.48,62.67,9.56,High
VID0488,Vlog,DailyDrift,2024-11-22 23:08:03.366733,38.1,500,43,3,6,8,12.8,2024,11,November,4,Friday,10.4,8.6,33.6,12.0,High
VID0329,Tech,PixelPulse,2024-11-24 10:14:40.160320,15.0,111815,5118,3310,702,1698,11.6,2024,11,November,4,Sunday,8.17,4.58,77.33,6.28,Medium
VID0018,Entertainment,CodeWave,2024-11-25 21:21:16.953907,5.3,405809,42024,2241,4395,2000,3.5,2024,11,November,4,Monday,11.99,10.36,66.04,10.83,High
VID0081,Entertainment,DailyDrift,2024-11-27 08:27:53.747494,35.4,113281,7938,2238,599,1241,14.2,2024,11,November,4,Wednesday,9.51,7.01,40.11,5.29,Medium
VID0161,Vlog,CodeWave,2024-11-28 19:34:30.541082,25.0,58537,5388,1233,422,885,21.4,2024,11,November,4,Thursday,12.03,9.2,85.6,7.21,High
VID0078,Education,DailyDrift,2024-11-30 06:41:07.334669,31.5,18917,1405,492,132,180,25.1,2024,11,November,4,Saturday,10.73,7.43,79.68,6.98,High
VID0301,Entertainment,MindSpark,2024-12-01 17:47:44.128256,14.2,29890,1634,581,143,585,4.4,2024,12,December,4,Sunday,7.89,5.47,30.99,4.78,Medium
VID0295,Education,DailyDrift,2024-12-03 04:54:20.921843,43.1,102960,9505,2511,1288,1040,31.9,2024,12,December,4,Tuesday,12.92,9.23,74.01,12.51,High
VID0344,Education,NovaByte,2024-12-04 16:00:57.715430,13.3,64619,7329,1709,700,208,8.4,2024,12,December,4,Wednesday,15.07,11.34,63.16,10.83,High
VID0244,Vlog,CodeWave,2024-12-06 03:07:34.509018,7.5,30300,2341,341,356,343,4.9,2024,12,December,4,Friday,10.03,7.73,65.33,11.75,High
VID0450,Tech,NovaByte,2024-12-07 14:14:11.302605,13.5,132851,9740,2396,1586,676,11.6,2024,12,December,4,Saturday,10.33,7.33,85.93,11.94,High
VID0135,Vlog,NovaByte,2024-12-09 01:20:48.096192,28.2,13506,957,263,127,170,24.3,2024,12,December,4,Monday,9.97,7.09,86.17,9.4,Medium
VID0147,Education,MindSpark,2024-12-10 12:27:24.889779,13.5,50586,4579,1245,590,371,4.7,2024,12,December,4,Tuesday,12.68,9.05,34.81,11.66,High
VID0328,Entertainment,DailyDrift,2024-12-11 23:34:01.683366,40.0,149236,17339,2304,2050,1531,33.6,2024,12,December,4,Wednesday,14.54,11.62,84.0,13.74,High
VID0464,Tech,CodeWave,2024-12-13 10:40:38.476953,38.2,104664,8301,1660,195,1896,20.6,2024,12,December,4,Friday,9.7,7.93,53.93,1.86,Medium
VID0380,Entertainment,MindSpark,2024-12-14 21:47:15.270541,16.2,93179,5350,2415,468,497,14.5,2024,12,December,4,Saturday,8.84,5.74,89.51,5.02,Medium
VID0196,Vlog,PixelPulse,2024-12-16 08:53:52.064128,29.3,83051,5281,745,319,1362,12.5,2024,12,December,4,Monday,7.64,6.36,42.66,3.84,Medium
VID0486,Vlog,MindSpark,2024-12-17 20:00:28.857715,18.1,72733,8084,1021,931,385,13.4,2024,12,December,4,Tuesday,13.8,11.11,74.03,12.8,High
VID0043,Education,PixelPulse,2024-12-19 07:07:05.651302,28.9,48658,1775,1372,131,763,24.9,2024,12,December,4,Thursday,6.74,3.65,86.16,2.69,Medium
VID0411,Tech,DailyDrift,2024-12-20 18:13:42.444889,34.6,77610,6804,931,208,1354,22.5,2024,12,December,4,Friday,10.23,8.77,65.03,2.68,High
VID0041,Education,NovaByte,2024-12-22 05:20:19.238476,41.3,177357,8505,1454,1310,3525,35.5,2024,12,December,4,Sunday,6.35,4.8,85.96,7.39,Medium
VID0213,Vlog,PixelPulse,2024-12-23 16:26:56.032064,38.9,20106,1703,133,258,284,27.5,2024,12,December,4,Monday,10.41,8.47,70.69,12.83,High
VID0279,Vlog,MindSpark,2024-12-25 03:33:32.825651,40.6,263998,13069,7125,1099,3368,28.8,2024,12,December,4,Wednesday,8.07,4.95,70.94,4.16,Medium
VID0398,Vlog,NovaByte,2024-12-26 14:40:09.619238,14.4,87299,3769,1659,654,688,10.6,2024,12,December,4,Thursday,6.97,4.32,73.61,7.49,Medium
VID0227,Tech,DailyDrift,2024-12-28 01:46:46.412825,15.7,174301,10744,4953,904,2499,11.0,2024,12,December,4,Saturday,9.52,6.16,70.06,5.19,Medium
VID0350,Entertainment,MindSpark,2024-12-29 12:53:23.206412,11.2,253069,24794,6463,1528,2184,7.7,2024,12,December,4,Sunday,12.95,9.8,68.75,6.04,High
VID0356,Vlog,DailyDrift,2024-12-31 00:00:00.000000,20.9,81633,4676,762,503,528,6.3,2024,12,December,4,Tuesday,7.28,5.73,30.14,6.16,Medium
